"List","Gene","Rank"
"L1","YLR286C",1
"L1","YHR143W",2
"L1","YFL026W",3
"L1","YLR040C",4
"L1","YGL028C",5
"L1","YLR041W",6
"L1","YER124C",7
"L1","YIL015W",8
"L1","YJR004C",9
"L1","YLR042C",10
"L1","YCL018W",11
"L1","YKL178C",12
"L1","YNL066W",13
"L1","YGL089C",14
"L1","YKL177W",15
"L1","YLR303W",16
"L1","YBR158W",17
"L1","YPL187W",18
"L1","YDR461W",19
"L1","YOR351C",20
"L1","YLR131C",21
"L1","YKL008C",22
"L1","YNR067C",23
"L1","YOR264W",24
"L1","YDR481C",25
"L1","YER152C",26
"L1","YGR044C",27
"L1","YOR263C",28
"L1","YDL121C",29
"L1","YLR343W",30
"L1","YNL327W",31
"L1","YJR147W",32
"L1","YJL013C",33
"L1","YGR234W",34
"L1","YDR502C",35
"L1","YCR097W",36
"L1","YJR148W",37
"L1","YNL146W",38
"L1","YMR173W-A",39
"L1","YJR025C",40
"L1","YCR040W",41
"L1","YLR302C",42
"L1","YKL120W",43
"L1","YKL081W",44
"L1","YGL009C",45
"L1","YJR009C",46
"L1","YPL092W",47
"L1","YHR143W-A",48
"L1","YLR366W",49
"L1","YPL256C",50
"L1","YOL143C",51
"L1","YPL066W",52
"L1","YGR185C",53
"L1","YJR158W",54
"L1","YLR180W",55
"L1","YNR044W",56
"L1","YMR173W",57
"L1","YOR316C",58
"L1","YOL104C",59
"L1","YOL144W",60
"L1","YJL078C",61
"L1","YBR092C",62
"L1","YBR031W",63
"L1","YKL216W",64
"L1","YCL066W",65
"L1","YER154W",66
"L1","YLR116W",67
"L1","YDL184C",68
"L1","YGL225W",69
"L1","YCR034W",70
"L1","YFR032C-A",71
"L1","YNL162W",72
"L1","YGL032C",73
"L1","YMR083W",74
"L1","YOR066W",75
"L1","YFL021W",76
"L1","YBR067C",77
"L1","YFR005C",78
"L1","YOR063W",79
"L1","YHL004W",80
"L1","YPL262W",81
"L1","YMR006C",82
"L1","YOR324C",83
"L1","YHL003C",84
"L1","YML019W",85
"L1","YKR093W",86
"L1","YLR287C-A",87
"L1","YEL038W",88
"L1","YOR210W",89
"L1","YGL214W",90
"L1","YNL078W",91
"L1","YHR072W-A",92
"L1","YKL209C",93
"L1","YIL088C",94
"L1","YNL149C",95
"L1","YPL281C",96
"L1","YDL133C-A",97
"L1","YIL114C",98
"L1","YKL175W",99
"L1","YCL009C",100
"L1","YNL016W",101
"L1","YIR034C",102
"L1","YML055W",103
"L1","YOR225W",104
"L1","YFL018C",105
"L1","YLR354C",106
"L1","YDR012W",107
"L1","YBR009C",108
"L1","YNL030W",109
"L1","YAL012W",110
"L1","YML081C-A",111
"L1","YFR044C",112
"L1","YHR025W",113
"L1","YGR096W",114
"L1","YDL131W",115
"L1","YLR459W",116
"L1","YBR209W",117
"L1","YOR229W",118
"L1","YNL103W",119
"L1","YPL063W",120
"L1","YNL070W",121
"L1","YOR393W",122
"L1","YJL052W",123
"L1","YLR089C",124
"L1","YGL104C",125
"L1","YGR180C",126
"L1","YNR043W",127
"L1","YBR090C",128
"L1","YOR182C",129
"L1","YHR005C-A",130
"L1","YER170W",131
"L1","YMR120C",132
"L1","YPL279C",133
"L1","YMR099C",134
"L1","YLR185W",135
"L1","YMR221C",136
"L1","YPL076W",137
"L1","YMR094W",138
"L1","YML126C",139
"L1","YOR230W",140
"L1","YCR097W-A",141
"L1","YBR118W",142
"L1","YML020W",143
"L1","YMR230W",144
"L1","YMR011W",145
"L1","YBL026W",146
"L1","YCL012W",147
"L1","YIL027C",148
"L1","YKL062W",149
"L1","YPL195W",150
"L1","YBR220C",151
"L1","YLR048W",152
"L1","YNL115C",153
"L1","YDR390C",154
"L1","YDL061C",155
"L1","YHR018C",156
"L1","YBR145W",157
"L1","YLR359W",158
"L1","YML108W",159
"L1","YGR176W",160
"L1","YBL062W",161
"L1","YJL079C",162
"L1","YDR086C",163
"L1","YAL043C-A",164
"L1","YML037C",165
"L1","YBR091C",166
"L1","YMR312W",167
"L1","YHR064C",168
"L1","YGL012W",169
"L1","YMR215W",170
"L1","YFL023W",171
"L1","YCR088W",172
"L1","YGR172C",173
"L1","YER026C",174
"L1","YLR372W",175
"L1","YLR021W",176
"L1","YER136W",177
"L1","YKL164C",178
"L1","YHR208W",179
"L1","YGR041W",180
"L1","YOR226C",181
"L1","YMR303C",182
"L1","YMR243C",183
"L1","YLR034C",184
"L1","YJR139C",185
"L1","YHR145C",186
"L1","YHR021C",187
"L1","YOR020C",188
"L1","YMR323W",189
"L1","YNL239W",190
"L1","YDL191W",191
"L1","YOL126C",192
"L1","YNL116W",193
"L1","YJL159W",194
"L1","YKL037W",195
"L1","YDL081C",196
"L1","YBR283C",197
"L1","YER056C",198
"L1","YPR147C",199
"L1","YMR064W",200
"L1","YDR090C",201
"L1","YER131W",202
"L1","YGR155W",203
"L1","YAL022C",204
"L1","YOR347C",205
"L1","YOR023C",206
"L1","YER060W",207
"L1","YBL032W",208
"L1","YMR079W",209
"L1","YLR056W",210
"L1","YLR153C",211
"L1","YKL161C",212
"L1","YJR046W",213
"L1","YER178W",214
"L1","YKL049C",215
"L1","YLR339C",216
"L1","YDL182W",217
"L1","YGR285C",218
"L1","YBR265W",219
"L1","YLL010C",220
"L1","YBR029C",221
"L1","YCR024C",222
"L1","YDR224C",223
"L1","YML056C",224
"L1","YMR116C",225
"L1","YGR279C",226
"L1","YLR388W",227
"L1","YPL170W",228
"L1","YNR050C",229
"L1","YML086C",230
"L1","YKR086W",231
"L1","YGL179C",232
"L1","YML113W",233
"L1","YGR259C",234
"L1","YNL150W",235
"L1","YBR249C",236
"L1","YLR322W",237
"L1","YMR046W-A",238
"L1","YOL013W-A",239
"L1","YLR380W",240
"L1","YNR015W",241
"L1","YKR042W",242
"L1","YMR194W",243
"L1","YKR035W-A",244
"L1","YHR141C",245
"L1","YOL103W",246
"L1","YLR439W",247
"L1","YDR338C",248
"L1","YDL075W",249
"L1","YOR221C",250
"L1","YNL035C",251
"L1","YHR010W",252
"L1","YGR192C",253
"L1","YPR114W",254
"L1","YOR034C",255
"L1","YGL105W",256
"L1","YOL109W",257
"L1","YMR013C",258
"L1","YOR257W",259
"L1","YOR265W",260
"L1","YBR011C",261
"L1","YGR254W",262
"L1","YFR018C",263
"L1","YFR006W",264
"L1","YDR305C",265
"L1","YGR255C",266
"L1","YDL136W",267
"L1","YPL145C",268
"L1","YDR379W",269
"L1","YOR334W",270
"L1","YDR044W",271
"L1","YMR297W",272
"L1","YGL205W",273
"L1","YOL119C",274
"L1","YPL108W",275
"L1","YBL012C",276
"L1","YMR201C",277
"L1","YMR071C",278
"L1","YKL212W",279
"L1","YLR203C",280
"L1","YCR018C-A",281
"L1","YLR043C",282
"L1","YDR034C-A",283
"L1","YOR069W",284
"L1","YNL045W",285
"L1","YGL056C",286
"L1","YOL086C",287
"L1","YIL094C",288
"L1","YNR072W",289
"L1","YDL015C",290
"L1","YGR062C",291
"L1","YPR036W",292
"L1","YIL105C",293
"L1","YCR013C",294
"L1","YNL220W",295
"L1","YJL097W",296
"L1","YKL032C",297
"L1","YBR162W-A",298
"L1","YMR187C",299
"L1","YNL244C",300
"L1","YLR334C",301
"L1","YLR421C",302
"L1","YIL169C",303
"L1","YER145C",304
"L1","YMR062C",305
"L1","YNL176C",306
"L1","YJR117W",307
"L1","YDR367W",308
"L1","YCR069W",309
"L1","YPR002C-A",310
"L1","YDR234W",311
"L1","YDR160W",312
"L1","YKL156W",313
"L1","YFL022C",314
"L1","YLR250W",315
"L1","YDR322C-A",316
"L1","YNL263C",317
"L1","YFL037W",318
"L1","YJR094W-A",319
"L1","YKR106W",320
"L1","YPR020W",321
"L1","YBL082C",322
"L1","YGL255W",323
"L1","YGR040W",324
"L1","YLR028C",325
"L1","YML123C",326
"L1","YOL077W-A",327
"L1","YJR076C",328
"L1","YML027W",329
"L1","YIL144W",330
"L1","YGR274C",331
"L1","YNR026C",332
"L1","YMR283C",333
"L1","YBR013C",334
"L1","YHR199C",335
"L1","YLR062C",336
"L1","YBR243C",337
"L1","YOR250C",338
"L1","YNL311C",339
"L1","YLR113W",340
"L1","YEL021W",341
"L1","YER073W",342
"L1","YLL023C",343
"L1","YFL017C",344
"L1","YNL147W",345
"L1","YNL080C",346
"L1","YJR015W",347
"L1","YFR024C-A",348
"L1","YKL096W",349
"L1","YDR233C",350
"L1","YJR121W",351
"L1","YGR015C",352
"L1","YJL144W",353
"L1","YOR293W",354
"L1","YOR121C",355
"L1","YBR157C",356
"L1","YPL069C",357
"L1","YJR135W-A",358
"L1","YPR069C",359
"L1","YHR032W",360
"L1","YHR135C",361
"L1","YOL156W",362
"L1","YEL036C",363
"L1","YHR078W",364
"L1","YJR124C",365
"L1","YCL017C",366
"L1","YJL134W",367
"L1","YOL020W",368
"L1","YNL183C",369
"L1","YNL268W",370
"L1","YAL060W",371
"L1","YGR250C",372
"L1","YDR366C",373
"L1","YDR203W",374
"L1","YNL152W",375
"L1","YFL062W",376
"L1","YKR012C",377
"L1","YKL018W",378
"L1","YER043C",379
"L1","YDL229W",380
"L1","YCL004W",381
"L1","YOL003C",382
"L1","YPL130W",383
"L1","YKL163W",384
"L1","YNL259C",385
"L1","YJL188C",386
"L1","YDL198C",387
"L1","YOR306C",388
"L1","YML052W",389
"L1","YOR342C",390
"L1","YDR035W",391
"L1","YHR037W",392
"L1","YCR059C",393
"L1","YOR285W",394
"L1","YER164W",395
"L1","YHR216W",396
"L1","YHR188C",397
"L1","YGR209C",398
"L1","YFR026C",399
"L1","YBL059C-A",400
"L1","YNR035C",401
"L1","YER078C",402
"L1","YLR379W",403
"L1","YPR054W",404
"L1","YML115C",405
"L1","YGL107C",406
"L1","YKR059W",407
"L1","YHR123W",408
"L1","YPL049C",409
"L1","YPL271W",410
"L1","YBR196C",411
"L1","YJL212C",412
"L1","YPL203W",413
"L1","YDR212W",414
"L1","YOR323C",415
"L1","YCL065W",416
"L1","YLR420W",417
"L1","YLR127C",418
"L1","YIL170W",419
"L1","YML023C",420
"L1","YOL158C",421
"L1","YDR378C",422
"L1","YJL196C",423
"L1","YOR343C",424
"L1","YOR390W",425
"L1","YPR074C",426
"L1","YLR025W",427
"L1","YLR069C",428
"L1","YNL124W",429
"L1","YMR024W",430
"L1","YKL191W",431
"L1","YOR017W",432
"L1","YMR158C-B",433
"L1","YDR531W",434
"L1","YIL171W",435
"L1","YOR237W",436
"L1","YJL011C",437
"L1","YGR004W",438
"L1","YDR240C",439
"L1","YMR203W",440
"L1","YNL012W",441
"L1","YBR262C",442
"L1","YOR321W",443
"L1","YBR222C",444
"L1","YML018C",445
"L1","YOR192C",446
"L1","YJL135W",447
"L1","YOR357C",448
"L1","YMR306W",449
"L1","YER086W",450
"L1","YDR340W",451
"L1","YML084W",452
"L1","YIR012W",453
"L1","YHR204W",454
"L1","YLR191W",455
"L1","YIL083C",456
"L1","YIL145C",457
"L1","YLR079W",458
"L1","YAR075W",459
"L1","YHR042W",460
"L1","YLR262C-A",461
"L1","YFL010W-A",462
"L1","YIL162W",463
"L1","YPL158C",464
"L1","YBR084C-A",465
"L1","YDR354W",466
"L1","YGR204W",467
"L1","YMR233W",468
"L1","YKR048C",469
"L1","YOR013W",470
"L1","YBL030C",471
"L1","YJR085C",472
"L1","YLR416C",473
"L1","YMR225C",474
"L1","YGL148W",475
"L1","YNL298W",476
"L1","YDR432W",477
"L1","YOR045W",478
"L1","YKR077W",479
"L1","YKL004W",480
"L1","YPR059C",481
"L1","YGL040C",482
"L1","YPL225W",483
"L1","YKL060C",484
"L1","YER087C-A",485
"L1","YOR382W",486
"L1","YDR179W-A",487
"L1","YGL224C",488
"L1","YER014W",489
"L1","YJL026W",490
"L1","YMR021C",491
"L1","YHR170W",492
"L1","YKR032W",493
"L1","YER001W",494
"L1","YDR394W",495
"L1","YNL055C",496
"L1","YJR146W",497
"L1","YDR222W",498
"L1","YGR157W",499
"L1","YPL139C",500
"L1","YOL159C",501
"L1","YNL057W",502
"L1","YOR337W",503
"L1","YGR010W",504
"L1","YGR060W",505
"L1","YCL035C",506
"L1","YMR110C",507
"L1","YKL058W",508
"L1","YMR139W",509
"L1","YDL220C",510
"L1","YGL234W",511
"L1","YIL082W",512
"L1","YIL098C",513
"L1","YHL014C",514
"L1","YJL125C",515
"L1","YKR057W",516
"L1","YOR246C",517
"L1","YNL026W",518
"L1","YIL006W",519
"L1","YMR168C",520
"L1","YMR232W",521
"L1","YGR122C-A",522
"L1","YOR085W",523
"L1","YJL191W",524
"L1","YML085C",525
"L1","YJR063W",526
"L1","YNL068C",527
"L1","YDR447C",528
"L1","YAL042W",529
"L1","YDR260C",530
"L1","YGR118W",531
"L1","YMR276W",532
"L1","YNL279W",533
"L1","YML117W-A",534
"L1","YBR231C",535
"L1","YER003C",536
"L1","YGR037C",537
"L1","YJL121C",538
"L1","YNR038W",539
"L1","YMR067C",540
"L1","YJL200C",541
"L1","YGL245W",542
"L1","YCR041W",543
"L1","YML009C",544
"L1","YPL183W-A",545
"L1","YPL143W",546
"L1","YBR076W",547
"L1","YER005W",548
"L1","YNL197C",549
"L1","YOL076W",550
"L1","YGR260W",551
"L1","YGL189C",552
"L1","YCL050C",553
"L1","YHR108W",554
"L1","YPL264C",555
"L1","YNL307C",556
"L1","YDR128W",557
"L1","YOR258W",558
"L1","YGR063C",559
"L1","YCL010C",560
"L1","YPR024W",561
"L1","YPR126C",562
"L2","YNL332W",1
"L2","YML102W",2
"L2","YJR156C",3
"L2","YML102C-A",4
"L2","YJR025C",5
"L2","YMR139W",6
"L2","YML058W-A",7
"L2","YGR019W",8
"L2","YGR294W",9
"L2","YAL068C",10
"L2","YCR104W",11
"L2","YBL098W",12
"L2","YBL064C",13
"L2","YNR044W",14
"L2","YJL223C",15
"L2","YOL161C",16
"L2","YAR020C",17
"L2","YLR461W",18
"L2","YLR037C",19
"L2","YNL279W",20
"L2","YHR014W",21
"L2","YGR296W",22
"L2","YJL153C",23
"L2","YDR542W",24
"L2","YNR076W",25
"L2","YLL034C",26
"L2","YAR053W",27
"L2","YLR112W",28
"L2","YKR066C",29
"L2","YIL080W",30
"L2","YFL020C",31
"L2","YIL176C",32
"L2","YGL032C",33
"L2","YOL101C",34
"L2","YGL007W",35
"L2","YJR148W",36
"L2","YPL063W",37
"L2","YGR049W",38
"L2","YBR301W",39
"L2","YLR359W",40
"L2","YHR108W",41
"L2","YLR376C",42
"L2","YJL038C",43
"L2","YLR355C",44
"L2","YDR261W-A",45
"L2","YOL007C",46
"L2","YBR250W",47
"L2","YDL021W",48
"L2","YOR043W",49
"L2","YLR460C",50
"L2","YOR292C",51
"L2","YFL014W",52
"L2","YMR268C",53
"L2","YMR325W",54
"L2","YML131W",55
"L2","YDR239C",56
"L2","YFL058W",57
"L2","YGR108W",58
"L2","YOR394W",59
"L2","YMR191W",60
"L2","YOR015W",61
"L2","YGR131W",62
"L2","YBL101W-A",63
"L2","YNR058W",64
"L2","YOR193W",65
"L2","YBR220C",66
"L2","YGL261C",67
"L2","YLR031W",68
"L2","YGL039W",69
"L2","YKL212W",70
"L2","YFL002W-B",71
"L2","YKL130C",72
"L2","YPR159W",73
"L2","YNL134C",74
"L2","YML042W",75
"L2","YHR135C",76
"L2","YIR042C",77
"L2","YPL184C",78
"L2","YMR083W",79
"L2","YJR102C",80
"L2","YBR012C",81
"L2","YOR343C-A",82
"L2","YBR149W",83
"L2","YOR306C",84
"L2","YOL132W",85
"L2","YIL172C",86
"L2","YLR307W",87
"L2","YOR003W",88
"L2","YPR035W",89
"L2","YBR219C",90
"L2","YKL030W",91
"L2","YPL085W",92
"L2","YOR228C",93
"L2","YCL038C",94
"L2","YMR173W",95
"L2","YDL226C",96
"L2","YIL082W",97
"L2","YCL026C-A",98
"L2","YDL131W",99
"L2","YDL237W",100
"L2","YBL091C",101
"L2","YCL020W",102
"L2","YLR149C",103
"L2","YDR072C",104
"L2","YGR204W",105
"L2","YDR386W",106
"L2","YGR161W-A",107
"L2","YNR064C",108
"L2","YOL057W",109
"L2","YPL092W",110
"L2","YMR093W",111
"L2","YMR263W",112
"L2","YCR013C",113
"L2","YER073W",114
"L2","YER091C",115
"L2","YHL046C",116
"L2","YOR038C",117
"L2","YOR389W",118
"L2","YDR210W-A",119
"L2","YPL169C",120
"L2","YBL051C",121
"L2","YNL016W",122
"L2","YLR265C",123
"L2","YIR035C",124
"L2","YHL004W",125
"L2","YDL128W",126
"L2","YLR070C",127
"L2","YPL032C",128
"L2","YMR307W",129
"L2","YGL104C",130
"L2","YNR038W",131
"L2","YMR306C-A",132
"L2","YLR089C",133
"L2","YMR034C",134
"L2","YGL029W",135
"L2","YAR015W",136
"L2","YBR265W",137
"L2","YMR108W",138
"L2","YBR283C",139
"L2","YER064C",140
"L2","YPL105C",141
"L2","YPL157W",142
"L2","YDL229W",143
"L2","YDR045C",144
"L2","YLR411W",145
"L2","YOL114C",146
"L2","YOR355W",147
"L2","YMR238W",148
"L2","YMR090W",149
"L2","YDL134C",150
"L2","YML124C",151
"L2","YOL052C",152
"L2","YNL307C",153
"L2","YLR410W-A",154
"L2","YGR255C",155
"L2","YOR295W",156
"L2","YKL178C",157
"L2","YER055C",158
"L2","YMR276W",159
"L2","YDR226W",160
"L2","YIL123W",161
"L2","YMR037C",162
"L2","YMR040W",163
"L2","YDR119W",164
"L2","YNL289W",165
"L2","YOR387C",166
"L2","YOL156W",167
"L2","YKL011C",168
"L2","YER062C",169
"L2","YMR070W",170
"L2","YLR050C",171
"L2","YHR126C",172
"L2","YHR025W",173
"L2","YLR353W",174
"L2","YLR326W",175
"L2","YNL116W",176
"L2","YBL077W",177
"L2","YMR323W",178
"L2","YMR027W",179
"L2","YKL029C",180
"L2","YKL177W",181
"L2","YKR080W",182
"L2","YNR052C",183
"L2","YOR034C",184
"L2","YFL030W",185
"L2","YLR378C",186
"L2","YGL071W",187
"L2","YML051W",188
"L2","YGL197W",189
"L2","YDR453C",190
"L2","YOR198C",191
"L2","YOR339C",192
"L2","YMR215W",193
"L2","YIR030C",194
"L2","YIL170W",195
"L2","YER056C",196
"L2","YKR049C",197
"L2","YJL196C",198
"L2","YBR014C",199
"L2","YNL074C",200
"L2","YGR211W",201
"L2","YKR048C",202
"L2","YLL039C",203
"L2","YKR001C",204
"L2","YJL044C",205
"L2","YLR364W",206
"L2","YPL235W",207
"L2","YHR019C",208
"L2","YJR016C",209
"L2","YOR223W",210
"L2","YGR250C",211
"L2","YER101C",212
"L2","YFR037C",213
"L2","YOR192C-A",214
"L2","YJR131W",215
"L2","YOL163W",216
"L2","YNL235C",217
"L2","YGL255W",218
"L2","YMR092C",219
"L2","YML098W",220
"L2","YGL168W",221
"L2","YOR360C",222
"L2","YDL123W",223
"L2","YNL287W",224
"L2","YGR033C",225
"L2","YFR028C",226
"L2","YOR310C",227
"L2","YMR015C",228
"L2","YLR321C",229
"L2","YDR502C",230
"L2","YDR034C-C",231
"L2","YPL256C",232
"L2","YLR175W",233
"L2","YML083C",234
"L2","YBR196C",235
"L2","YER154W",236
"L2","YOL061W",237
"L2","YMR120C",238
"L2","YPL257W-A",239
"L2","YBL007C",240
"L2","YER188W",241
"L2","YNR050C",242
"L2","YBR116C",243
"L2","YHL039W",244
"L2","YDL129W",245
"L2","YMR052C-A",246
"L2","YDR348C",247
"L2","YER152C",248
"L2","YMR122C",249
"L2","YGR144W",250
"L2","YNL335W",251
"L2","YNL268W",252
"L2","YGR173W",253
"L2","YMR199W",254
"L2","YPL048W",255
"L2","YIL139C",256
"L2","YOR231W",257
"L2","YGR161W-B",258
"L2","YPL231W",259
"L2","YOL097C",260
"L2","YOR370C",261
"L2","YNL047C",262
"L2","YGR219W",263
"L2","YOL103W-A",264
"L2","YKR072C",265
"L2","YGR168C",266
"L2","YGR109W-A",267
"L2","YER113C",268
"L2","YCR084C",269
"L2","YBL083C",270
"L2","YOL020W",271
"L2","YER165W",272
"L2","YPL163C",273
"L2","YIL090W",274
"L2","YLR252W",275
"L2","YEL046C",276
"L2","YLR297W",277
"L2","YPL278C",278
"L2","YGR087C",279
"L2","YHR183W",280
"L2","YLR058C",281
"L2","YOR359W",282
"L2","YOR372C",283
"L2","YLL018C",284
"L2","YMR237W",285
"L2","YNL321W",286
"L2","YLR327C",287
"L2","YML040W",288
"L2","YLL064C",289
"L2","YKR092C",290
"L2","YOR214C",291
"L2","YIL074C",292
"L2","YOL104C",293
"L2","YPL281C",294
"L2","YLR218C",295
"L2","YML027W",296
"L2","YBL032W",297
"L2","YPR077C",298
"L2","YFR015C",299
"L2","YPR155C",300
"L2","YNL176C",301
"L2","YPL016W",302
"L2","YDR481C",303
"L2","YDL048C",304
"L2","YBR015C",305
"L2","YDR241W",306
"L2","YMR116C",307
"L2","YOL059W",308
"L2","YPR001W",309
"L2","YOR309C",310
"L2","YNL076W",311
"L2","YDL228C",312
"L2","YDR269C",313
"L2","YGL253W",314
"L2","YML086C",315
"L2","YCR053W",316
"L2","YNR021W",317
"L2","YMR232W",318
"L2","YKL120W",319
"L2","YGL245W",320
"L2","YMR017W",321
"L2","YAR018C",322
"L2","YFL061W",323
"L2","YNL053W",324
"L2","YEL049W",325
"L2","YNL220W",326
"L2","YNL024C",327
"L2","YFL040W",328
"L2","YGR138C",329
"L2","YNL288W",330
"L2","YJR094C",331
"L2","YNR051C",332
"L2","YER060W",333
"L2","YNL197C",334
"L2","YJR054W",335
"L2","YIL156W",336
"L2","YJL145W",337
"L2","YDR095C",338
"L2","YLR128W",339
"L2","YNL209W",340
"L2","YNL055C",341
"L2","YGR008C",342
"L2","YNL241C",343
"L2","YCR069W",344
"L2","YNL009W",345
"L2","YLR429W",346
"L2","YPL035C",347
"L2","YJL061W",348
"L2","YDL040C",349
"L2","YOR255W",350
"L2","YNL189W",351
"L2","YML054C",352
"L2","YFR051C",353
"L2","YFR006W",354
"L2","YDR402C",355
"L2","YDR077W",356
"L2","YGR285C",357
"L2","YOR375C",358
"L2","YER043C",359
"L2","YNL012W",360
"L2","YHL003C",361
"L2","YKL004W",362
"L2","YOR320C",363
"L2","YLR379W",364
"L2","YDL182W",365
"L2","YPR137W",366
"L2","YGR254W",367
"L2","YEL037C",368
"L2","YKL181W",369
"L2","YFL012W",370
"L2","YLR254C",371
"L2","YFL013W-A",372
"L2","YER177W",373
"L2","YNL103W",374
"L2","YNL300W",375
"L2","YIL005W",376
"L2","YCL027W",377
"L2","YMR136W",378
"L2","YPL061W",379
"L2","YDR380W",380
"L2","YJL167W",381
"L2","YMR001C",382
"L2","YPL047W",383
"L2","YBR121C",384
"L2","YPR074C",385
"L2","YOR270C",386
"L2","YML072C",387
"L2","YDR179C",388
"L2","YOR014W",389
"L2","YNL059C",390
"L2","YMR181C",391
"L2","YBR187W",392
"L2","YJL161W",393
"L2","YPL259C",394
"L2","YBL005W-A",395
"L2","YKR093W",396
"L2","YML085C",397
"L2","YFL059W",398
"L2","YNL051W",399
"L2","YGR124W",400
"L2","YHR208W",401
"L2","YLR386W",402
"L2","YFR044C",403
"L2","YHR064C",404
"L2","YMR006C",405
"L2","YPL038W",406
"L2","YJL088W",407
"L2","YLR403W",408
"L2","YMR081C",409
"L2","YLR198C",410
"L2","YER187W-A",411
"L2","YLR027C",412
"L2","YEL042W",413
"L2","YGL148W",414
"L2","YNR055C",415
"L2","YCR012W",416
"L2","YGL225W",417
"L2","YCL030C",418
"L2","YGR243W",419
"L2","YDL127W",420
"L2","YKL162C",421
"L2","YLR343W",422
"L2","YPL088W",423
"L2","YGL009C",424
"L2","YLR341W",425
"L2","YHR054C",426
"L2","YCR077C",427
"L2","YGL105W",428
"L2","YHR029C",429
"L2","YFL004W",430
"L2","YBL002W",431
"L2","YDR091C",432
"L2","YML045W-A",433
"L2","YOR084W",434
"L2","YBL042C",435
"L2","YGR054W",436
"L2","YAL015C",437
"L2","YNL035C",438
"L2","YNL094W",439
"L2","YLR329W",440
"L2","YDR410C",441
"L2","YHL044W",442
"L2","YNL219C",443
"L2","YOR323C",444
"L2","YLR200W",445
"L2","YCL063W",446
"L2","YBR183W",447
"L2","YBR069C",448
"L2","YLR400W",449
"L2","YDL095W",450
"L2","YHL022C",451
"L2","YML055W",452
"L2","YNL247W",453
"L2","YER053C",454
"L2","YGR139W",455
"L2","YBR162C",456
"L2","YMR203W",457
"L2","YFR040W",458
"L2","YHR180W",459
"L2","YER156C",460
"L2","YGL077C",461
"L2","YKL062W",462
"L2","YKL049C",463
"L2","YLR296W",464
"L2","YFL045C",465
"L2","YAL033W",466
"L2","YHR020W",467
"L2","YKL115C",468
"L2","YLR212C",469
"L2","YDR428C",470
"L2","YOR142W-B",471
"L2","YLR134W",472
"L2","YFL048C",473
"L2","YAL036C",474
"L2","YNL306W",475
"L2","YBR248C",476
"L2","YNL117W",477
"L2","YOL083W",478
"L2","YLL047W",479
"L2","YNL238W",480
"L2","YKR076W",481
"L2","YKL082C",482
"L2","YLR153C",483
"L2","YOL119C",484
"L2","YGL084C",485
"L2","YGR105W",486
"L2","YER178W",487
"L2","YOR184W",488
"L2","YER025W",489
"L2","YOR218C",490
"L2","YER044C-A",491
"L2","YDL140C",492
"L2","YPL210C",493
"L2","YLR317W",494
"L2","YMR129W",495
"L2","YNL034W",496
"L2","YLR401C",497
"L2","YLR203C",498
"L2","YOR374W",499
"L2","YNR024W",500
"L2","YHR047C",501
"L2","YEL072W",502
"L2","YDR309C",503
"L2","YDR331W",504
"L2","YDR146C",505
"L2","YLR335W",506
"L2","YDR143C",507
"L2","YNL290W",508
"L2","YOR052C",509
"L2","YLR251W",510
"L2","YHR053C",511
"L2","YNL278W",512
"L2","YPL208W",513
"L2","YJL034W",514
"L2","YBR296C",515
"L2","YLR453C",516
"L2","YMR296C",517
"L2","YFR032C",518
"L2","YOR354C",519
"L2","YKR013W",520
"L2","YNL291C",521
"L2","YJR015W",522
"L2","YER120W",523
"L2","YCR060W",524
"L2","YGL194C",525
"L2","YML123C",526
"L2","YHR140W",527
"L2","YIL022W",528
"L2","YCL006C",529
"L2","YDL029W",530
"L2","YML101C",531
"L2","YDR023W",532
"L2","YOR260W",533
"L2","YDR188W",534
"L2","YOR324C",535
"L2","YBR180W",536
"L2","YML041C",537
"L2","YLR438W",538
"L2","YJR139C",539
"L2","YOR199W",540
"L2","YLR457C",541
"L2","YLR183C",542
"L2","YDR105C",543
"L2","YCL055W",544
"L2","YGR228W",545
"L2","YPR094W",546
"L2","YOL027C",547
"L2","YML038C",548
"L2","YHR147C",549
"L2","YGR165W",550
"L2","YOR390W",551
"L2","YLR345W",552
"L2","YDR346C",553
"L2","YAL007C",554
"L2","YML130C",555
"L2","YOL103W",556
"L3","YAL034W-A",1
"L3","YOR231W",2
"L3","YKL219W",3
"L3","YOR094W",4
"L3","YOR043W",5
"L3","YMR034C",6
"L3","YLR427W",7
"L3","YDL040C",8
"L3","YNR042W",9
"L3","YFL050C",10
"L3","YMR192W",11
"L3","YHR215W",12
"L3","YPR001W",13
"L3","YPL122C",14
"L3","YDR298C",15
"L3","YDL046W",16
"L3","YOR370C",17
"L3","YPR035W",18
"L3","YBL051C",19
"L3","YOR038C",20
"L3","YGL112C",21
"L3","YER124C",22
"L3","YMR215W",23
"L3","YHR135C",24
"L3","YNR038W",25
"L3","YNL043C",26
"L3","YHR146W",27
"L3","YPL016W",28
"L3","YFR042W",29
"L3","YLR326W",30
"L3","YBR205W",31
"L3","YPL075W",32
"L3","YDR151C",33
"L3","YMR289W",34
"L3","YBR101C",35
"L3","YBR264C",36
"L3","YAL055W",37
"L3","YPR192W",38
"L3","YDR346C",39
"L3","YGR211W",40
"L3","YAR071W",41
"L3","YLR049C",42
"L3","YBR255W",43
"L3","YLR209C",44
"L3","YBL067C",45
"L3","YHR003C",46
"L3","YMR290W-A",47
"L3","YGR041W",48
"L3","YNL167C",49
"L3","YPL084W",50
"L3","YDL038C",51
"L3","YCR099C",52
"L3","YLR345W",53
"L3","YGR117C",54
"L3","YPL273W",55
"L3","YMR131C",56
"L3","YER072W",57
"L3","YGR201C",58
"L3","YGR130C",59
"L3","YLR452C",60
"L3","YDR281C",61
"L3","YNL044W",62
"L3","YBR199W",63
"L3","YDR073W",64
"L3","YBL094C",65
"L3","YPL112C",66
"L3","YFR010W",67
"L3","YPL240C",68
"L3","YLR356W",69
"L3","YJL194W",70
"L3","YNL264C",71
"L3","YNL076W",72
"L3","YJL118W",73
"L3","YPR055W",74
"L3","YJL076W",75
"L3","YHR192W",76
"L3","YBR116C",77
"L3","YBL096C",78
"L3","YDR324C",79
"L3","YPL218W",80
"L3","YGL148W",81
"L3","YML100W-A",82
"L3","YOR037W",83
"L3","YML058W",84
"L3","YGR278W",85
"L3","YER029C",86
"L3","YLR350W",87
"L3","YEL047C",88
"L3","YAR029W",89
"L3","YIL067C",90
"L3","YPL030W",91
"L3","YOR377W",92
"L3","YKL140W",93
"L3","YOR075W",94
"L3","YMR183C",95
"L3","YNL118C",96
"L3","YLR033W",97
"L4","YFL026W",1
"L4","YLR040C",2
"L4","YJR004C",3
"L4","YLR041W",4
"L4","YIL015W",5
"L4","YOR025W",6
"L4","YKL178C",7
"L4","YKL177W",8
"L4","YCL018W",9
"L4","YLR303W",10
"L4","YGL089C",11
"L4","YPL187W",12
"L4","YNL056W",13
"L4","YOR351C",14
"L4","YHR208W",15
"L4","YML058W-A",16
"L4","YCR040W",17
"L4","YLR343W",18
"L4","YGL009C",19
"L4","YBL098W",20
"L4","YOL126C",21
"L4","YJR156C",22
"L4","YCR106W",23
"L4","YOR225W",24
"L4","YNL146W",25
"L4","YLR420W",26
"L4","YNL332W",27
"L4","YOR375C",28
"L4","YOL132W",29
"L4","YKR012C",30
"L4","YJL026W",31
"L4","YJR148W",32
"L4","YBR053C",33
"L4","YOR390W",34
"L4","YOL143C",35
"L4","YLR089C",36
"L4","YNL195C",37
"L4","YKR093W",38
"L4","YHL004W",39
"L4","YIR034C",40
"L4","YGL028C",41
"L4","YFR005C",42
"L4","YOR226C",43
"L4","YGR279C",44
"L4","YDR453C",45
"L4","YNL035C",46
"L4","YDR366C",47
"L4","YOR247W",48
"L4","YCL066W",49
"L4","YPL139C",50
"L4","YOR307C",51
"L4","YNL307C",52
"L4","YPR127W",53
"L4","YCR013C",54
"L4","YDL184C",55
"L4","YNR055C",56
"L4","YLR302C",57
"L4","YGR185C",58
"L4","YIR016W",59
"L4","YDR461W",60
"L4","YKR013W",61
"L4","YKL120W",62
"L4","YNL066W",63
"L4","YHL029C",64
"L4","YOR306C",65
"L4","YBL106C",66
"L4","YGR285C",67
"L4","YMR215W",68
"L4","YJR146W",69
"L4","YGL258W",70
"L4","YGL032C",71
"L4","YHR123W",72
"L4","YKL164C",73
"L4","YER152C",74
"L4","YAR053W",75
"L4","YPL182C",76
"L4","YKL216W",77
"L4","YLR349W",78
"L4","YAL062W",79
"L4","YNL007C",80
"L4","YNR044W",81
"L4","YOR066W",82
"L4","YIL154C",83
"L4","YLR300W",84
"L4","YCR003W",85
"L4","YER164W",86
"L4","YKL081W",87
"L4","YLR286C",88
"L4","YMR046W-A",89
"L4","YNR062C",90
"L4","YCR001W",91
"L4","YPR015C",92
"L4","YAL033W",93
"L4","YER154W",94
"L4","YBR067C",95
"L4","YMR063W",96
"L4","YLR354C",97
"L4","YLR266C",98
"L4","YPL263C",99
"L4","YBL066C",100
"L4","YHL036W",101
"L4","YOR248W",102
"L4","YBR283C",103
"L4","YNL285W",104
"L4","YMR092C",105
"L4","YOL119C",106
"L4","YOL103W",107
"L4","YPL167C",108
"L4","YLR390W-A",109
"L4","YBR196C",110
"L4","YGR209C",111
"L4","YGL182C",112
"L4","YBL032W",113
"L4","YGR155W",114
"L4","YPL279C",115
"L4","YPL116W",116
"L4","YOL144W",117
"L4","YKR042W",118
"L4","YCR041W",119
"L4","YMR323W",120
"L4","YHR145C",121
"L4","YKL212W",122
"L4","YOR264W",123
"L4","YNL190W",124
"L4","YPL066W",125
"L4","YNL053W",126
"L4","YJL103C",127
"L4","YNL322C",128
"L4","YKR076W",129
"L4","YBL107W-A",130
"L4","YBR050C",131
"L4","YPL048W",132
"L4","YCR064C",133
"L4","YDR265W",134
"L4","YPL281C",135
"L4","YDR179W-A",136
"L4","YNL327W",137
"L4","YGL105W",138
"L4","YML066C",139
"L4","YHR143W",140
"L4","YBR145W",141
"L4","YBR220C",142
"L4","YOL157C",143
"L4","YBL062W",144
"L4","YOR125C",145
"L4","YER052C",146
"L4","YKL155C",147
"L4","YGL226W",148
"L4","YDR502C",149
"L4","YHR006W",150
"L4","YFR051C",151
"L4","YLR334C",152
"L5","YIR038C",1
"L5","YBR176W",2
"L5","YDR040C",3
"L5","YBR117C",4
"L5","YLR282C",5
"L5","YOR238W",6
"L5","YLR382C",7
"L5","YBR232C",8
"L5","YGL177W",9
"L5","YFR012W",10
"L5","YJR067C",11
"L5","YBL062W",12
"L5","YOR343C",13
"L5","YKR060W",14
"L5","YGL151W",15
"L5","YIL066C",16
"L5","YOL053W",17
"L5","YJL091C",18
"L5","YJR135C",19
"L5","YLR101C",20
"L5","YDR191W",21
"L5","YPR150W",22
"L5","YDR110W",23
"L5","YFL051C",24
"L5","YPL024W",25
"L5","YGL241W",26
"L5","YGL162W",27
"L5","YLR099C",28
"L5","YAR070C",29
"L5","YBR108W",30
"L5","YDR460W",31
"L5","YLR438W",32
"L5","YER078C",33
"L5","YGL117W",34
"L5","YPL035C",35
"L5","YDL071C",36
"L5","YPL102C",37
"L5","YIL131C",38
"L5","YGR290W",39
"L5","YNL017C",40
"L5","YHR017W",41
"L5","YDR102C",42
"L5","YOL024W",43
"L5","YFR006W",44
"L5","YDR536W",45
"L5","YBR144C",46
"L5","YBR093C",47
"L5","YJR039W",48
"L5","YNL312W",49
"L5","YDL117W",50
"L5","YJL056C",51
"L5","YKL206C",52
"L5","YNL300W",53
"L5","YLR423C",54
"L5","YNL339C",55
"L5","YMR017W",56
"L5","YJR148W",57
"L5","YFR045W",58
"L5","YFL013W-A",59
"L5","YJL141C",60
"L5","YPL016W",61
"L5","YJL199C",62
"L5","YMR318C",63
"L5","YGR059W",64
"L5","YGL059W",65
"L5","YGL136C",66
"L5","YHR091C",67
"L5","YLR148W",68
"L5","YIL026C",69
"L5","YLL042C",70
"L5","YDL073W",71
"L5","YER039C-A",72
"L5","YLR284C",73
"L5","YPR141C",74
"L5","YLR439W",75
"L5","YAL026C",76
"L5","YBR073W",77
"L5","YDR174W",78
"L5","YGR291C",79
"L5","YDR103W",80
"L5","YLR294C",81
"L5","YDR018C",82
"L5","YNR076W",83
"L5","YGL255W",84
"L5","YMR314W",85
"L5","YGL194C",86
"L5","YFL068W",87
"L5","YBR296C",88
"L5","YGL153W",89
"L5","YOR189W",90
"L5","YCL029C",91
"L5","YGR072W",92
"L5","YHR219W",93
"L5","YMR072W",94
"L5","YHR058C",95
"L5","YEL004W",96
"L5","YBR244W",97
"L5","YER170W",98
"L5","YOR034C",99
"L5","YML027W",100
"L5","YBR294W",101
"L5","YLL057C",102
"L5","YJR120W",103
"L5","YPL152W",104
"L5","YKL082C",105
"L5","YOR008C-A",106
"L5","YBR006W",107
"L5","YJL222W",108
"L5","YDR034W-B",109
"L5","YPL171C",110
"L5","YPL253C",111
"L5","YDL103C",112
"L5","YLL038C",113
"L5","YMR036C",114
"L5","YNR060W",115
"L5","YDR422C",116
"L5","YBL075C",117
"L5","YGL094C",118
"L5","YBR224W",119
"L5","YKR093W",120
"L5","YML001W",121
"L5","YGR101W",122
"L5","YGL181W",123
"L5","YLR242C",124
"L5","YBR265W",125
"L5","YDL210W",126
"L5","YKL168C",127
"L5","YFL053W",128
"L5","YDR137W",129
"L5","YLR100W",130
"L5","YGL029W",131
"L5","YMR294W-A",132
"L5","YKR098C",133
"L5","YLR447C",134
"L5","YOR298W",135
"L5","YJL147C",136
"L6","YGR009C",1
"L6","YKR069W",2
"L6","YMR104C",3
"L6","YDR122W",4
"L6","YMR103C",5
"L6","YLR297W",6
"L6","YIR035C",7
"L6","YMR034C",8
"L6","YGR139W",9
"L6","YGR138C",10
"L6","YNL309W",11
"L6","YIL119C",12
"L6","YPL087W",13
"L6","YMR250W",14
"L6","YMR181C",15
"L6","YMR023C",16
"L6","YCR021C",17
"L6","YPL014W",18
"L6","YGR038C-B",19
"L6","YML100W",20
"L6","YKL098W",21
"L6","YOL101C",22
"L6","YOL002C",23
"L6","YML113W",24
"L6","YFR015C",25
"L6","YDR055W",26
"L6","YML027W",27
"L6","YMR136W",28
"L6","YBR054W",29
"L6","YHR169W",30
"L6","YKL051W",31
"L6","YLR258W",32
"L6","YDL127W",33
"L6","YGR108W",34
"L6","YOR038C",35
"L6","YOR273C",36
"L6","YBR006W",37
"L6","YKL026C",38
"L6","YFR017C",39
"L6","YER064C",40
"L6","YJR148W",41
"L6","YLR414C",42
"L6","YDL211C",43
"L6","YLR121C",44
"L6","YOR043W",45
"L6","YOR384W",46
"L6","YCL040W",47
"L6","YBL064C",48
"L6","YPL016W",49
"L6","YLR183C",50
"L6","YBR093C",51
"L6","YAR027W",52
"L6","YGR250C",53
"L6","YJL123C",54
"L6","YML112W",55
"L6","YOR267C",56
"L6","YLR252W",57
"L6","YLR251W",58
"L6","YMR001C",59
"L6","YGR008C",60
"L6","YEL011W",61
"L6","YBR214W",62
"L6","YDR022C",63
"L6","YMR145C",64
"L6","YBR195C",65
"L6","YFR028C",66
"L6","YDR074W",67
"L6","YOR324C",68
"L6","YJL125C",69
"L6","YNL289W",70
"L6","YHL021C",71
"L6","YER123W",72
"L6","YDL013W",73
"L6","YCR099C",74
"L6","YOR074C",75
"L6","YPL247C",76
"L6","YOR359W",77
"L6","YIR010W",78
"L6","YOR372C",79
"L6","YDR184C",80
"L6","YOR342C",81
"L6","YPR159W",82
"L6","YER150W",83
"L6","YDL072C",84
"L6","YLR120C",85
"L6","YFR029W",86
"L6","YNR066C",87
"L6","YLL022C",88
"L6","YPL149W",89
"L6","YKR093W",90
"L6","YNL192W",91
"L6","YGR211W",92
"L6","YNL103W",93
"L6","YMR126C",94
"L6","YHR200W",95
"L6","YGR131W",96
"L6","YBR089W",97
"L6","YJL048C",98
"L6","YLL026W",99
"L6","YJL142C",100
"L6","YJL017W",101
"L6","YLR398C",102
"L6","YML120C",103
"L6","YDL201W",104
"L6","YIL165C",105
"L6","YJR112W",106
"L6","YJL110C",107
"L6","YNL182C",108
"L6","YJL208C",109
"L6","YCR102W-A",110
"L6","YNL124W",111
"L6","YHR135C",112
"L6","YCR102C",113
"L6","YNR038W",114
"L6","YGL162W",115
"L6","YHR039C",116
"L6","YOR385W",117
"L6","YGR079W",118
"L6","YDR280W",119
"L6","YHR070W",120
"L6","YDL040C",121
"L6","YPL177C",122
"L6","YBR136W",123
"L6","YPL040C",124
"L6","YDR276C",125
"L6","YCL042W",126
"L6","YKL158W",127
"L6","YDR364C",128
"L6","YNR034W",129
"L6","YDR150W",130
"L6","YLR149C",131
"L6","YLR019W",132
"L6","YLR178C",133
"L6","YKL149C",134
"L6","YGR213C",135
"L6","YJL076W",136
"L6","YDL234C",137
"L6","YBR135W",138
"L6","YLR374C",139
"L6","YGR286C",140
"L6","YNL033W",141
"L6","YOR045W",142
"L6","YJR010C-A",143
"L6","YMR144W",144
"L6","YKL068W",145
"L6","YER029C",146
"L6","YLR356W",147
"L6","YMR081C",148
"L6","YMR105C",149
"L6","YNR019W",150
"L6","YDR222W",151
"L6","YGR219W",152
"L6","YJR003C",153
"L6","YNR067C",154
"L6","YMR093W",155
"L6","YMR016C",156
"L6","YIR044C",157
"L6","YNL003C",158
"L6","YGL098W",159
"L6","YOR026W",160
"L6","YDR121W",161
"L6","YKL195W",162
"L6","YPL273W",163
"L6","YPL254W",164
"L6","YLR375W",165
"L6","YLR257W",166
"L6","YIL087C",167
"L6","YNL226W",168
"L6","YML109W",169
"L6","YLR094C",170
"L6","YOL115W",171
"L6","YNL120C",172
"L6","YDR370C",173
"L6","YHR076W",174
"L6","YNL232W",175
"L7","YHL047C",1
"L7","YDR534C",2
"L7","YNL310C",3
"L7","YOR382W",4
"L7","YOR306C",5
"L7","YOR383C",6
"L7","YLR136C",7
"L7","YMR317W",8
"L7","YBR207W",9
"L7","YKR104W",10
"L7","YHR155W",11
"L7","YER145C",12
"L7","YGR200C",13
"L7","YOR381W",14
"L7","YJL076W",15
"L7","YOL158C",16
"L7","YBR089W",17
"L7","YPL154C",18
"L7","YDR345C",19
"L7","YMR316C-B",20
"L7","YNL065W",21
"L7","YGR019W",22
"L7","YNL309W",23
"L7","YBR101C",24
"L7","YJL079C",25
"L7","YMR034C",26
"L7","YPL021W",27
"L7","YJR074W",28
"L7","YLR374C",29
"L7","YMR010W",30
"L7","YOR316C",31
"L7","YLR183C",32
"L7","YOR298C-A",33
"L7","YMR138W",34
"L7","YOR081C",35
"L7","YBR244W",36
"L7","YDR281C",37
"L7","YFL060C",38
"L7","YBR105C",39
"L7","YDR481C",40
"L7","YDL035C",41
"L7","YNL311C",42
"L7","YCL064C",43
"L7","YLL028W",44
"L7","YDR084C",45
"L7","YGL169W",46
"L7","YML070W",47
"L7","YDL075W",48
"L7","YHR170W",49
"L7","YDR147W",50
"L7","YMR300C",51
"L7","YBR175W",52
"L7","YFL001W",53
"L7","YIR012W",54
"L7","YDL009C",55
"L7","YPL240C",56
"L7","YJR148W",57
"L7","YPL017C",58
"L7","YLR299W",59
"L7","YLL012W",60
"L7","YKL103C",61
"L7","YPL257W-A",62
"L7","YBR129C",63
"L7","YBR296C",64
"L7","YNR056C",65
"L7","YOR389W",66
"L7","YHR024C",67
"L7","YBL042C",68
"L7","YBR010W",69
"L7","YOR202W",70
"L7","YOR347C",71
"L7","YDL191W",72
"L7","YOL136C",73
"L7","YOR192C-A",74
"L7","YEL065W",75
"L7","YNL240C",76
"L7","YMR189W",77
"L7","YLR180W",78
"L7","YFR053C",79
"L7","YPL015C",80
"L7","YKR093W",81
"L7","YMR007W",82
"L7","YGL058W",83
"L7","YNL275W",84
"L7","YOL002C",85
"L7","YKR073C",86
"L7","YDR034W-B",87
"L7","YER143W",88
"L7","YDR128W",89
"L7","YDR122W",90
"L7","YPL270W",91
"L7","YBR088C",92
"L7","YKL096W",93
"L7","YPL016W",94
"L7","YMR045C",95
"L7","YHL040C",96
"L7","YMR321C",97
"L7","YAR029W",98
"L7","YLR232W",99
"L7","YMR315W",100
"L7","YDR527W",101
"L7","YDL238C",102
"L7","YHR120W",103
"L7","YKL153W",104
"L7","YDL049C",105
"L7","YDR008C",106
"L7","YGR036C",107
"L7","YER060W",108
"L7","YJR061W",109
"L7","YJR096W",110
"L7","YDL088C",111
"L7","YMR062C",112
"L7","YNL207W",113
"L7","YFR013W",114
"L7","YKR075C",115
"L7","YBR269C",116
"L7","YAL068C",117
"L7","YHR018C",118
"L7","YDL210W",119
"L7","YML069W",120
"L7","YER028C",121
"L7","YOL143C",122
"L7","YOR049C",123
"L7","YGL010W",124
"L7","YHR013C",125
"L7","YNL324W",126
"L7","YOR203W",127
"L7","YOR301W",128
"L7","YDR090C",129
"L7","YLL027W",130
"L7","YOR019W",131
"L7","YBR289W",132
"L7","YLR167W",133
"L7","YHR037W",134
"L7","YDR414C",135
"L7","YOR285W",136
"L7","YLR050C",137
"L7","YPR135W",138
"L7","YJL217W",139
"L7","YDR209C",140
"L7","YGR137W",141
"L7","YDL115C",142
"L7","YMR304C-A",143
"L7","YNL007C",144
"L7","YGL055W",145
"L7","YPL169C",146
"L7","YDR270W",147
"L7","YKL029C",148
"L7","YHR057C",149
"L7","YPR114W",150
"L7","YDL174C",151
"L7","YER141W",152
"L7","YBR264C",153
"L7","YPR004C",154
"L7","YDR464W",155
"L7","YML016C",156
"L7","YLR034C",157
"L7","YLL064C",158
"L7","YCL038C",159
"L7","YIL052C",160
"L7","YER139C",161
"L7","YMR291W",162
"L7","YML045W-A",163
"L7","YBR068C",164
"L7","YIL088C",165
"L7","YJR002W",166
"L7","YJR150C",167
"L7","YLR013W",168
"L7","YGR277C",169
"L7","YER122C",170
"L7","YNL045W",171
"L7","YPL132W",172
"L7","YLR462W",173
"L7","YOL110W",174
"L7","YDR260C",175
"L7","YHR083W",176
"L7","YBR018C",177
"L7","YPR138C",178
"L7","YDL172C",179
"L7","YJL172W",180
"L7","YBR185C",181
"L7","YKL030W",182
"L7","YFL039C",183
"L7","YOR360C",184
"L7","YMR314W",185
"L7","YNL100W",186
"L7","YOL149W",187
"L7","YKL157W",188
"L7","YKL217W",189
"L7","YLR354C",190
"L7","YEL059W",191
"L7","YJL143W",192
"L7","YGR060W",193
"L7","YOR017W",194
"L7","YFL017C",195
"L7","YDR070C",196
"L7","YCR090C",197
"L7","YDR529C",198
"L7","YLR463C",199
"L7","YOL032W",200
"L7","YPR021C",201
"L7","YML110C",202
"L7","YML123C",203
"L7","YJR097W",204
"L7","YLL041C",205
"L7","YNL293W",206
"L7","YDR498C",207
"L7","YDR225W",208
"L7","YEL072W",209
"L7","YML102W",210
"L7","YER056C-A",211
"L7","YER029C",212
"L7","YDR537C",213
"L7","YDL039C",214
"L7","YOR239W",215
"L7","YOR212W",216
"L7","YER156C",217
"L7","YBR092C",218
"L7","YOR074C",219
"L7","YCR075C",220
"L7","YLR413W",221
"L7","YER114C",222
"L7","YMR088C",223
"L7","YDR271C",224
"L7","YCR099C",225
"L7","YCR028C",226
"L7","YNL239W",227
"L7","YDR496C",228
"L7","YFL041W",229
"L7","YHR197W",230
"L7","YMR310C",231
"L7","YML040W",232
"L7","YPL196W",233
"L7","YHR215W",234
"L7","YLR259C",235
"L7","YLR420W",236
"L7","YHR054C",237
"L7","YFL012W",238
"L7","YER100W",239
"L7","YDL020C",240
"L7","YLR434C",241
"L7","YDR343C",242
"L7","YPL091W",243
"L7","YPR016C",244
"L7","YNL115C",245
"L7","YNR032W",246
"L7","YLR320W",247
"L7","YML133C",248
"L7","YOL101C",249
"L7","YJL160C",250
"L7","YHR190W",251
"L7","YBL102W",252
"L7","YFR044C",253
"L7","YOR027W",254
"L7","YLR464W",255
"L7","YGR043C",256
"L7","YLR467W",257
"L7","YDR511W",258
"L7","YFL010W-A",259
"L7","YDR452W",260
"L7","YNL008C",261
"L7","YLR146C",262
"L7","YMR072W",263
"L7","YLR061W",264
"L7","YKL044W",265
"L7","YCR020C-A",266
"L7","YGL040C",267
"L7","YFR047C",268
"L7","YJL124C",269
"L7","YMR120C",270
"L7","YNL141W",271
"L7","YCR012W",272
"L7","YKR031C",273
"L7","YKL109W",274
"L7","YJL096W",275
"L7","YBL106C",276
"L7","YOL106W",277
"L7","YDR016C",278
"L7","YOL103W-A",279
"L7","YHR114W",280
"L7","YLL067C",281
"L7","YDR065W",282
"L7","YPL252C",283
"L7","YMR105C",284
"L7","YJR151C",285
"L7","YBR201W",286
"L7","YDR431W",287
"L7","YBL003C",288
"L7","YBR226C",289
"L7","YLL060C",290
"L7","YLR038C",291
"L7","YDR026C",292
"L7","YBR093C",293
"L7","YDR285W",294
"L7","YHR015W",295
"L7","YLR237W",296
"L7","YBR009C",297
"L7","YDR006C",298
"L7","YDR476C",299
"L7","YNL190W",300
"L7","YPL222W",301
"L7","YDR218C",302
"L7","YHR195W",303
"L7","YGR032W",304
"L7","YMR041C",305
"L7","YOR353C",306
"L7","YHL015W",307
"L7","YFR024C-A",308
"L7","YKL206C",309
"L7","YEL071W",310
"L7","YLR352W",311
"L7","YNL284C-A",312
"L7","YDR447C",313
"L7","YBR146W",314
"L7","YLR217W",315
"L7","YPR195C",316
"L7","YOR210W",317
"L7","YNR014W",318
"L7","YKL008C",319
"L7","YNR051C",320
"L7","YGR109C",321
"L7","YGR288W",322
"L7","YFL064C",323
"L8","YPL163C",1
"L8","YNL160W",2
"L8","YOL007C",3
"L8","YKR013W",4
"L8","YOR248W",5
"L8","YBR012C",6
"L8","YNL300W",7
"L8","YCL064C",8
"L8","YOR247W",9
"L8","YJL079C",10
"L8","YBR067C",11
"L8","YMR006C",12
"L8","YML027W",13
"L8","YBR169C",14
"L8","YJL172W",15
"L8","YKR012C",16
"L8","YNL289W",17
"L8","YLR462W",18
"L8","YJL225C",19
"L8","YLR297W",20
"L8","YFL062W",21
"L8","YDR081C",22
"L8","YLR467W",23
"L8","YOL011W",24
"L8","YNL336W",25
"L8","YFL064C",26
"L8","YIR043C",27
"L8","YML133C",28
"L8","YML132W",29
"L8","YLR142W",30
"L8","YJR156C",31
"L8","YOR338W",32
"L8","YLR463C",33
"L8","YLL067C",34
"L8","YIR044C",35
"L8","YBR054W",36
"L8","YOL058W",37
"L8","YGR250C",38
"L8","YDR055W",39
"L8","YBR302C",40
"L8","YLR420W",41
"L8","YKL216W",42
"L8","YNL332W",43
"L8","YLR464W",44
"L8","YHL048W",45
"L8","YNR009W",46
"L8","YBR265W",47
"L8","YLR040C",48
"L8","YGR295C",49
"L8","YMR104C",50
"L8","YKR061W",51
"L8","YBR006W",52
"L8","YNR044W",53
"L8","YKL103C",54
"L8","YPL015C",55
"L8","YMR199W",56
"L8","YBR070C",57
"L8","YER150W",58
"L8","YJR025C",59
"L8","YER190W",60
"L8","YLR300W",61
"L8","YJL159W",62
"L8","YLR355C",63
"L8","YER038C",64
"L8","YLR121C",65
"L8","YNL066W",66
"L8","YLR465C",67
"L8","YLR089C",68
"L8","YLR178C",69
"L8","YHL049C",70
"L8","YJL116C",71
"L8","YKR093W",72
"L8","YKR042W",73
"L8","YMR034C",74
"L8","YIL051C",75
"L8","YPL256C",76
"L8","YGL255W",77
"L8","YMR315W",78
"L8","YJL158C",79
"L8","YER158C",80
"L8","YPL014W",81
"L8","YLR050C",82
"L8","YFL059W",83
"L8","YHR104W",84
"L8","YNL256W",85
"L8","YMR250W",86
"L8","YPL198W",87
"L8","YBR092C",88
"L8","YBL111C",89
"L8","YOR043W",90
"L8","YPL111W",91
"L8","YOL143C",92
"L8","YDR174W",93
"L8","YMR251W-A",94
"L8","YCR007C",95
"L8","YGR213C",96
"L8","YBR296C",97
"L8","YLR327C",98
"L8","YER188W",99
"L8","YCL038C",100
"L8","YAR027W",101
"L8","YLR466W",102
"L8","YMR062C",103
"L8","YDR280W",104
"L8","YKR056W",105
"L8","YNL333W",106
"L8","YPL122C",107
"L8","YDL234C",108
"L8","YGR079W",109
"L8","YNL197C",110
"L8","YGR248W",111
"L8","YLR359W",112
"L8","YMR041C",113
"L8","YDR225W",114
"L8","YMR007W",115
"L8","YLR054C",116
"L8","YLR349W",117
"L8","YLR452C",118
"L8","YPL087W",119
"L8","YNL115C",120
"L8","YBR005W",121
"L8","YCL025C",122
"L8","YKL096W-A",123
"L8","YER001W",124
"L8","YOL047C",125
"L8","YJL144W",126
"L8","YDL127W",127
"L8","YDL201W",128
"L8","YGR149W",129
"L8","YGL101W",130
"L8","YKL051W",131
"L8","YGR234W",132
"L8","YMR008C",133
"L8","YLR366W",134
"L8","YGR008C",135
"L8","YPL088W",136
"L8","YGR033C",137
"L8","YNR019W",138
"L8","YBR004C",139
"L8","YGR142W",140
"L8","YCL040W",141
"L8","YJL196C",142
"L8","YAR028W",143
"L8","YNL274C",144
"L8","YER053C",145
"L8","YMR009W",146
"L8","YGL053W",147
"L8","YER145C",148
"L8","YFR017C",149
"L8","YCR050C",150
"L8","YDL124W",151
"L8","YIR010W",152
"L8","YNR001C",153
"L8","YLR455W",154
"L8","YLR348C",155
"L8","YMR103C",156
"L8","YPL032C",157
"L8","YIR035C",158
"L8","YEL076C",159
"L8","YMR084W",160
"L8","YNR038W",161
"L8","YPL030W",162
"L8","YLR356W",163
"L8","YBR009C",164
"L8","YER064C",165
"L8","YPL063W",166
"L8","YML052W",167
"L8","YDR303C",168
"L8","YMR191W",169
"L8","YDR281C",170
"L8","YJL048C",171
"L8","YGR138C",172
"L8","YLL066C",173
"L8","YFR028C",174
"L8","YGR108W",175
"L8","YOR285W",176
"L8","YLR252W",177
"L8","YER189W",178
"L8","YMR277W",179
"L8","YLR197W",180
"L8","YGL076C",181
"L8","YOL144W",182
"L8","YMR093W",183
"L8","YLR059C",184
"L8","YCL049C",185
"L8","YBL024W",186
"L8","YNL016W",187
"L8","YLR299W",188
"L8","YMR146C",189
"L8","YGR139W",190
"L8","YKL163W",191
"L8","YOR390W",192
"L8","YMR001C",193
"L8","YJR070C",194
"L8","YGL071W",195
"L8","YKL149C",196
"L8","YPL081W",197
"L8","YDR309C",198
"L8","YBR010W",199
"L8","YOR385W",200
"L8","YLR258W",201
"L8","YNR072W",202
"L8","YOR038C",203
"L8","YCL042W",204
"L8","YHR135C",205
"L8","YAR033W",206
"L8","YMR266W",207
"L8","YDR346C",208
"L8","YGR110W",209
"L8","YAL062W",210
"L8","YOR354C",211
"L8","YNL116W",212
"L8","YGR019W",213
"L8","YHR146W",214
"L8","YMR120C",215
"L8","YOL032W",216
"L8","YBL032W",217
"L8","YOR355W",218
"L8","YBR028C",219
"L8","YNL096C",220
"L8","YML100W",221
"L8","YLR041W",222
"L8","YOR009W",223
"L8","YNR052C",224
"L8","YPL016W",225
"L8","YFR022W",226
"L8","YNL075W",227
"L8","YGR120C",228
"L8","YNL192W",229
"L8","YGR001C",230
"L8","YNL126W",231
"L8","YNR028W",232
"L8","YNL030W",233
"L8","YGR131W",234
"L8","YOL097C",235
"L8","YHR218W",236
"L8","YLR405W",237
"L8","YHL015W",238
"L8","YDL063C",239
"L8","YMR145C",240
"L8","YMR228W",241
"L8","YHR108W",242
"L8","YMR023C",243
"L8","YEL075C",244
"L8","YIL117C",245
"L8","YPR041W",246
"L8","YER029C",247
"L8","YMR020W",248
"L8","YNL248C",249
"L8","YBR287W",250
"L8","YFL068W",251
"L8","YML070W",252
"L8","YHR143W",253
"L8","YER124C",254
"L8","YMR070W",255
"L8","YOL139C",256
"L8","YLR186W",257
"L8","YER111C",258
"L8","YMR105C",259
"L8","YLR328W",260
"L8","YOR389W",261
"L8","YGL112C",262
"L8","YBR219C",263
"L8","YOL077C",264
"L8","YOR272W",265
"L8","YCL050C",266
"L8","YJR112W",267
"L8","YMR131C",268
"L8","YER036C",269
"L8","YOR361C",270
"L8","YGL253W",271
"L8","YNL200C",272
"L8","YGR211W",273
"L8","YPR009W",274
"L8","YOR062C",275
"L8","YKL162C-A",276
"L8","YHL014C",277
"L8","YLR149C",278
"L8","YNL216W",279
"L8","YPL128C",280
"L8","YBR189W",281
"L8","YKL068W",282
"L8","YDR224C",283
"L8","YBR061C",284
"L8","YKL024C",285
"L8","YLR083C",286
"L8","YBR214W",287
"L8","YBL003C",288
"L8","YLR120C",289
"L8","YHR169W",290
"L8","YDL232W",291
"L8","YDR134C",292
"L8","YOR001W",293
"L8","YIL170W",294
"L8","YPL112C",295
"L8","YML113W",296
"L8","YMR246W",297
"L8","YOL015W",298
"L8","YNL100W",299
"L8","YOL156W",300
"L8","YBL098W",301
"L8","YOR309C",302
"L8","YLL037W",303
"L8","YNL087W",304
"L8","YNR066C",305
"L8","YLR321C",306
"L8","YLR285W",307
"L8","YGR085C",308
"L8","YGR146C",309
"L8","YMR170C",310
"L8","YNL067W",311
"L8","YFL004W",312
"L8","YDR133C",313
"L8","YBL051C",314
"L8","YMR064W",315
"L8","YOR292C",316
"L8","YOR036W",317
"L8","YDL072C",318
"L8","YPL154C",319
"L8","YNL031C",320
"L8","YDR161W",321
"L8","YOR377W",322
"L8","YMR100W",323
"L8","YPL093W",324
"L8","YMR033W",325
"L8","YGR024C",326
"L8","YMR183C",327
"L8","YOR066W",328
"L8","YOR370C",329
"L8","YKL026C",330
"L8","YPL283C",331
"L8","YDL229W",332
"L8","YDR351W",333
"L8","YER004W",334
"L8","YKL009W",335
"L8","YBL113C",336
"L8","YPL210C",337
"L8","YLR270W",338
"L8","YDR178W",339
"L8","YJL198W",340
"L8","YOR065W",341
"L8","YOR052C",342
"L8","YLR380W",343
"L8","YER025W",344
"L8","YLR094C",345
"L8","YNL309W",346
"L8","YHR136C",347
"L8","YMR037C",348
"L8","YMR181C",349
"L8","YIL015W",350
"L8","YLR130C",351
"L8","YGL056C",352
"L8","YOL115W",353
"L8","YBR183W",354
"L8","YBR139W",355
"L8","YLR101C",356
"L8","YKL032C",357
"L8","YOL126C",358
"L8","YLR441C",359
"L8","YMR017W",360
"L8","YKL106W",361
"L8","YHL004W",362
"L8","YLL010C",363
"L8","YKL096W",364
"L8","YNL307C",365
"L8","YNL068C",366
"L8","YJL076W",367
"L8","YLR061W",368
"L8","YEL060C",369
"L8","YMR310C",370
"L8","YDL048C",371
"L8","YGR208W",372
"L8","YDR339C",373
"L8","YDL228C",374
"L8","YAR068W",375
"L8","YGL120C",376
"L8","YLL026W",377
"L8","YMR072W",378
"L8","YER067W",379
"L8","YLR194C",380
"L8","YJL063C",381
"L8","YHR219W",382
"L8","YJR071W",383
"L8","YBR264C",384
"L8","YOR372C",385
"L8","YLR033W",386
"L8","YLR139C",387
"L8","YNL120C",388
"L8","YPR069C",389
"L8","YDL191W",390
"L8","YOL036W",391
"L8","YEL015W",392
"L8","YOR260W",393
"L8","YMR015C",394
"L8","YHL033C",395
"L8","YCR021C",396
"L8","YLL045C",397
"L8","YBR220C",398
"L8","YGL153W",399
"L8","YDR120C",400
"L8","YML109W",401
"L8","YLR326W",402
"L8","YNL062C",403
"L8","YBL064C",404
"L8","YMR144W",405
"L8","YHR205W",406
"L8","YBR239C",407
"L8","YHR214W",408
"L8","YPL131W",409
"L8","YIL123W",410
"L8","YLR414C",411
"L8","YPR074C",412
"L8","YGR285C",413
"L8","YHR214W-A",414
"L8","YDL082W",415
"L8","YPL245W",416
"L8","YGL103W",417
"L8","YPL134C",418
"L8","YBR142W",419
"L8","YNL222W",420
"L8","YBR083W",421
"L8","YNL182C",422
"L8","YCL031C",423
"L8","YNL076W",424
"L8","YKL111C",425
"L8","YDL227C",426
"L8","YOL160W",427
"L8","YNL176C",428
"L8","YLR244C",429
"L8","YNL255C",430
"L8","YFL034C-A",431
"L8","YMR173W-A",432
"L8","YLR002C",433
"L8","YMR038C",434
"L8","YPL026C",435
"L8","YOR273C",436
"L8","YCR065W",437
"L8","YFR029W",438
"L8","YER120W",439
"L8","YKR003W",440
"L8","YAL040C",441
"L8","YHR200W",442
"L8","YIR042C",443
"L8","YFR055W",444
"L8","YPL144W",445
"L8","YNL238W",446
"L8","YOR359W",447
"L8","YCL027W",448
"L8","YOL052C",449
"L8","YOR324C",450
"L8","YDR020C",451
"L8","YKL218C",452
"L8","YDL241W",453
"L8","YER175C",454
"L8","YLR070C",455
"L8","YMR136W",456
"L8","YBL092W",457
"L8","YMR216C",458
"L8","YKL043W",459
"L8","YNR060W",460
"L8","YNL258C",461
"L8","YOR019W",462
"L8","YGL106W",463
"L8","YKL104C",464
"L8","YBR056W",465
"L8","YPL127C",466
"L8","YLR118C",467
"L8","YMR317W",468
"L8","YOR222W",469
"L8","YPL197C",470
"L8","YHR025W",471
"L9","YFL026W",1
"L9","YLR040C",2
"L9","YLR041W",3
"L9","YJR004C",4
"L9","YIL015W",5
"L9","YKL178C",6
"L9","YLR303W",7
"L9","YGL089C",8
"L9","YKL177W",9
"L9","YPL187W",10
"L9","YDR461W",11
"L9","YCL018W",12
"L9","YOR351C",13
"L9","YCR040W",14
"L9","YGL009C",15
"L9","YNL146W",16
"L9","YKL120W",17
"L9","YKL216W",18
"L9","YHR208W",19
"L9","YLR291C",20
"L9","YGL032C",21
"L9","YLR302C",22
"L9","YHR021C",23
"L9","YCL066W",24
"L9","YOL143C",25
"L9","YDL211C",26
"L9","YLR343W",27
"L9","YKL209C",28
"L9","YMR044W",29
"L9","YPR180W",30
"L9","YLR420W",31
"L9","YDR447C",32
"L9","YOR210W",33
"L9","YJR148W",34
"L9","YOL126C",35
"L9","YBR067C",36
"L9","YDL131W",37
"L9","YOL144W",38
"L9","YGR031W",39
"L9","YHR143W-A",40
"L9","YOR182C",41
"L9","YDL184C",42
"L9","YER001W",43
"L9","YOR248W",44
"L9","YGL098W",45
"L9","YML055W",46
"L9","YPR083W",47
"L9","YJR146W",48
"L9","YOR247W",49
"L9","YNR044W",50
"L9","YML081C-A",51
"L9","YHR141C",52
"L9","YER019C-A",53
"L9","YCR097W-A",54
"L9","YJR009C",55
"L9","YHR072W-A",56
"L9","YPR190C",57
"L9","YLR287C-A",58
"L9","YDL098C",59
"L9","YCR097W",60
"L9","YHL014C",61
"L9","YDL179W",62
"L9","YHR005C-A",63
"L9","YEL021W",64
"L9","YLR185W",65
"L9","YHR142W",66
"L9","YOR226C",67
"L9","YKR093W",68
"L9","YHR010W",69
"L9","YGR278W",70
"L9","YIL163C",71
"L9","YBR145W",72
"L9","YJL052W",73
"L9","YNL070W",74
"L9","YGL225W",75
"L9","YBR011C",76
"L9","YGL224C",77
"L9","YER154W",78
"L9","YBL062W",79
"L9","YLR234W",80
"L9","YNL162W",81
"L9","YML107C",82
"L9","YKL032C",83
"L9","YGR044C",84
"L9","YCR013C",85
"L9","YKR013W",86
"L9","YKL081W",87
"L9","YJR135W-A",88
"L9","YDR192C",89
"L9","YDL133C-A",90
"L9","YHR025W",91
"L9","YNL149C",92
"L9","YOR225W",93
"L9","YPL281C",94
"L9","YGR282C",95
"L9","YCL027W",96
"L9","YDL243C",97
"L9","YPR176C",98
"L9","YMR071C",99
"L9","YER073W",100
"L9","YJR020W",101
"L9","YGR140W",102
"L9","YJL131C",103
"L9","YFR032C-A",104
"L9","YMR230W",105
"L9","YLR388W",106
"L9","YIL027C",107
"L9","YOR239W",108
"L9","YGR192C",109
"L9","YDR502C",110
"L9","YDL033C",111
"L9","YKR042W",112
"L9","YBR118W",113
"L9","YJR117W",114
"L9","YNL150W",115
"L9","YLR262C-A",116
"L9","YOR170W",117
"L9","YFR006W",118
"L9","YAR031W",119
"L9","YBR031W",120
"L9","YOR045W",121
"L9","YLR349W",122
"L9","YDL136W",123
"L9","YGR279C",124
"L9","YDL075W",125
"L9","YDL191W",126
"L9","YGR148C",127
"L9","YOR265W",128
"L9","YLR339C",129
"L9","YDL061C",130
"L9","YCR073W-A",131
"L9","YNL045W",132
"L9","YAL012W",133
"L9","YNL016W",134
"L9","YBR009C",135
"L9","YDL081C",136
"L9","YHR143W",137
"L9","YOR393W",138
"L9","YNL057W",139
"L9","YGL031C",140
"L9","YCR079W",141
"L9","YMR194W",142
"L9","YAL022C",143
"L9","YJL206C",144
"L9","YGR274C",145
"L9","YOR020C",146
"L9","YNL030W",147
"L9","YJR108W",148
"L9","YDR077W",149
"L9","YCR034W",150
"L9","YKL160W",151
"L9","YGR209C",152
"L9","YOR229W",153
"L9","YPL170W",154
"L9","YBR029C",155
"L9","YGR285C",156
"L9","YML113W",157
"L9","YGR227W",158
"L9","YHR123W",159
"L9","YLR318W",160
"L9","YPR040W",161
"L9","YOR194C",162
"L9","YGL263W",163
"L9","YKR086W",164
"L9","YGR025W",165
"L9","YKL008C",166
"L9","YOL127W",167
"L9","YGR063C",168
"L9","YOL086C",169
"L9","YNL322C",170
"L9","YLR043C",171
"L9","YDL247W",172
"L9","YCL012W",173
"L9","YOR347C",174
"L9","YDL106C",175
"L9","YER106W",176
"L9","YOR382W",177
"L9","YOR122C",178
"L9","YOR221C",179
"L9","YGR280C",180
"L9","YLR269C",181
"L9","YBL026W",182
"L9","YJR116W",183
"L9","YFR044C",184
"L9","YLR372W",185
"L9","YMR158W",186
"L9","YNL259C",187
"L9","YNL245C",188
"L9","YHR136C",189
"L9","YGL199C",190
"L9","YLR056W",191
"L9","YOL077W-A",192
"L9","YJR011C",193
"L9","YNL200C",194
"L9","YCL065W",195
"L9","YKR057W",196
"L9","YOR234C",197
"L9","YNL147W",198
"L9","YGL237C",199
"L9","YCL050C",200
"L9","YGR080W",201
"L9","YGR172C",202
"L9","YPL229W",203
"L9","YLR348C",204
"L9","YBR178W",205
"L9","YDL041W",206
"L9","YJR094W-A",207
"L9","YHR053C",208
"L9","YLR340W",209
"L9","YER045C",210
"L9","YOR142W",211
"L9","YGR118W",212
"L9","YFL023W",213
"L9","YMR260C",214
"L9","YLR421C",215
"L9","YCR088W",216
"L9","YGR034W",217
"L9","YLR062C",218
"L9","YDR322C-A",219
"L9","YER178W",220
"L9","YHL007C",221
"L9","YPR196W",222
"L9","YGL039W",223
"L9","YFR008W",224
"L9","YER117W",225
"L9","YGR273C",226
"L9","YPR043W",227
"L9","YPR124W",228
"L9","YDL055C",229
"L9","YOR293W",230
"L9","YIL117C",231
"L9","YGR189C",232
"L9","YGL255W",233
"L9","YCR012W",234
"L9","YFR005C",235
"L9","YIR034C",236
"L9","YGR254W",237
"L9","YDR126W",238
"L9","YIL171W",239
"L9","YLR439W",240
"L9","YNL300W",241
"L9","YER146W",242
"L9","YNL058C",243
"L9","YJL188C",244
"L9","YDL215C",245
"L9","YNL244C",246
"L9","YCL017C",247
"L9","YNL279W",248
"L9","YLR333C",249
"L9","YDR145W",250
"L9","YFL037W",251
"L9","YDR405W",252
"L9","YPL143W",253
"L9","YLR205C",254
"L9","YJR050W",255
"L9","YPR062W",256
"L9","YHL046C",257
"L9","YDR378C",258
"L9","YJR005W",259
"L9","YGL012W",260
"L9","YBR196C",261
"L9","YOR357C",262
"L9","YKL156W",263
"L9","YML114C",264
"L9","YOR375C",265
"L9","YDL058W",266
"L9","YOR103C",267
"L9","YKR012C",268
"L9","YPL092W",269
"L9","YGR037C",270
"L9","YOR243C",271
"L9","YLR332W",272
"L9","YKL195W",273
"L9","YGR212W",274
"L9","YMR046W-A",275
"L9","YBR265W",276
"L9","YLR344W",277
"L9","YBR105C",278
"L9","YNL055C",279
"L9","YLR180W",280
"L9","YOL109W",281
"L9","YGR137W",282
"L9","YIL069C",283
"L9","YHR174W",284
"L9","YIL127C",285
"L9","YBR187W",286
"L9","YGR064W",287
"L9","YGL102C",288
"L9","YGR109W-A",289
"L9","YOR063W",290
"L9","YHR015W",291
"L9","YJR105W",292
"L9","YMR074C",293
"L9","YDR056C",294
"L9","YPL049C",295
"L10","YLR343W",1
"L10","YOL104C",2
"L10","YKL187C",3
"L10","YKL220C",4
"L10","YGR161W-B",5
"L10","YDR034C-D",6
"L10","YOR343C-B",7
"L10","YPR158W-B",8
"L10","YOR192C-B",9
"L10","YDR365W-B",10
"L10","YHR214C-C",11
"L10","YOL103W-A",12
"L10","YLR067C",13
"L10","YJR029W",14
"L10","YAR010C",15
"L10","YDR210W-C",16
"L10","YLR035C-A",17
"L10","YHR145C",18
"L10","YDR365W-A",19
"L10","YPR002W",20
"L10","YDR210W-D",21
"L10","YDR034C-A",22
"L10","YPL257W-B",23
"L10","YML045W-A",24
"L10","YER138W-A",25
"L10","YCR018C-A",26
"L10","YLR334C",27
"L10","YMR045C",28
"L10","YGR038C-A",29
"L10","YDR098C-A",30
"L10","YBR083W",31
"L10","YGR161C-D",32
"L10","YNL054W-A",33
"L10","YOL103W-B",34
"L10","YER159C-A",35
"L10","YER138C",36
"L10","YDR034C-C",37
"L10","YDR316W-A",38
"L10","YJR027W",39
"L10","YOR118W",40
"L10","YBL107W-A",41
"L10","YMR173W-A",42
"L10","YMR211W",43
"L10","YAR009C",44
"L10","YDR366C",45
"L10","YDR170W-A",46
"L10","YOR192C-A",47
"L10","YGR161C-C",48
"L10","YLR410W-B",49
"L10","YOR142W-B",50
"L10","YHR214C-B",51
"L10","YJR028W",52
"L10","YBL005W-A",53
"L10","YML040W",54
"L10","YLR042C",55
"L10","YLR256W-A",56
"L10","YJR026W",57
"L10","YOL013W-A",58
"L10","YDR210W-A",59
"L10","YMR158C-B",60
"L10","YDR261W-A",61
"L10","YNL284C-A",62
"L10","YMR173W",63
"L10","YMR046C",64
"L10","YER137C-A",65
"L10","YPR123C",66
"L10","YPL257W-A",67
"L10","YDR241W",68
"L10","YPR002C-A",69
"L10","YMR050C",70
"L10","YFL002W-B",71
"L10","YPR152C",72
"L10","YLR227W-A",73
"L10","YOR178C",74
"L10","YJR003C",75
"L10","YLR157C-A",76
"L10","YIL060W",77
"L10","YBR012W-A",78
"L10","YBL101W-A",79
"L10","YOR148C",80
"L10","YOR392W",81
"L10","YPL191C",82
"L10","YLR152C",83
"L10","YOR180C",84
"L10","YPR091C",85
"L10","YPL016W",86
"L10","YMR051C",87
"L10","YNR040W",88
"L10","YMR107W",89
"L10","YCL020W",90
"L10","YIL065C",91
"L10","YOR268C",92
"L10","YMR023C",93
"L10","YDR340W",94
"L10","YPL227C",95
"L10","YER060W-A",96
"L10","YGL039W",97
"L10","YBR012W-B",98
"L10","YNL316C",99
"L10","YGR104C",100
"L10","YOR082C",101
"L10","YOR343C-A",102
"L10","YGR040W",103
"L10","YBL004W",104
"L10","YLL027W",105
"L10","YEL022W",106
"L10","YML117W-A",107
"L10","YOR142W-A",108
"L10","YOL045W",109
"L10","YDR239C",110
"L10","YDL231C",111
"L10","YCR099C",112
"L10","YPR121W",113
"L10","YGL156W",114
"L10","YOR377W",115
"L10","YDR409W",116
"L10","YHR001W-A",117
"L10","YIL064W",118
"L10","YLR281C",119
"L10","YEL024W",120
"L10","YGR161W-A",121
"L10","YOR075W",122
"L10","YMR046W-A",123
"L10","YAL018C",124
"L10","YKR102W",125
"L10","YLR256W",126
"L10","YDL173W",127
"L10","YOR223W",128
"L10","YOR235W",129
"L10","YOL106W",130
"L10","YLR410W-A",131
"L10","YGR122C-A",132
"L10","YLR415C",133
"L10","YJL005W",134
"L10","YJL160C",135
"L10","YGR139W",136
"L10","YGL124C",137
"L10","YHR214W-A",138
"L10","YDL205C",139
"L10","YJR030C",140
"L10","YGR183C",141
"L10","YBR180W",142
"L10","YNL163C",143
"L10","YOR296W",144
"L10","YNR066C",145
"L10","YMR287C",146
"L10","YJL186W",147
"L10","YMR034C",148
"L10","YGR027W-A",149
"L10","YCR101C",150
"L10","YLR312C",151
"L10","YIL080W",152
"L10","YGR294W",153
"L10","YKL069W",154
"L10","YJL004C",155
"L10","YPR044C",156
"L10","YJR148W",157
"L10","YNL253W",158
"L10","YLR040C",159
"L10","YER069W",160
"L10","YNL054W",161
"L10","YER093C",162
"L10","YJL090C",163
"L10","YDR298C",164
"L10","YLR345W",165
"L10","YKL056C",166
"L10","YGL092W",167
"L10","YJL015C",168
"L10","YBL059C-A",169
"L10","YFL068W",170
"L10","YNL055C",171
"L10","YGR117C",172
"L10","YDL175C",173
"L10","YLR395C",174
"L10","YJL131C",175
"L10","YJL064W",176
"L10","YDR274C",177
"L10","YAL007C",178
"L10","YER044C",179
"L10","YBR230C",180
"L10","YGR166W",181
"L10","YBR043C",182
"L10","YDL209C",183
"L10","YLR364W",184
"L10","YLR437C",185
"L10","YGR103W",186
"L10","YPL218W",187
"L10","YBL061C",188
"L10","YOL084W",189
"L10","YKL095W",190
"L10","YBL091C-A",191
"L10","YKL185W",192
"L10","YOL166C",193
"L10","YPL186C",194
"L10","YDR269C",195
"L10","YIL011W",196
"L10","YOR324C",197
"L10","YJR061W",198
"L10","YPL160W",199
"L10","YLL008W",200
"L10","YIL087C",201
"L10","YGL153W",202
"L10","YLR156W",203
"L10","YLR356W",204
"L10","YBL034C",205
"L10","YDR281C",206
"L10","YDL171C",207
"L10","YBR205W",208
"L10","YPL077C",209
"L10","YDL056W",210
"L10","YEL039C",211
"L10","YLR407W",212
"L10","YDL207W",213
"L10","YNL160W",214
"L10","YCR057C",215
"L10","YLR300W",216
"L10","YNR067C",217
"L10","YHR071W",218
"L10","YMR053C",219
"L10","YHR003C",220
"L10","YGL187C",221
"L10","YGL130W",222
"L10","YOL155C",223
"L10","YBR212W",224
"L10","YER072W",225
"L10","YDL040C",226
"L10","YBR054W",227
"L10","YPL083C",228
"L10","YLR433C",229
"L10","YER037W",230
"L10","YER066C-A",231
"L10","YER169W",232
"L10","YKL098W",233
"L10","YGL262W",234
"L10","YLR297W",235
"L10","YKR075C",236
"L10","YHR146W",237
"L10","YLR099C",238
"L10","YLR161W",239
"L10","YIL165C",240
"L10","YLR189C",241
"L10","YDL105W",242
"L10","YLR264W",243
"L10","YOL134C",244
"L10","YHR219W",245
"L10","YNR027W",246
"L10","YML007W",247
"L10","YKL218C",248
"L10","YCR017C",249
"L10","YNL221C",250
"L10","YGR296W",251
"L10","YBR110W",252
"L10","YAR020C",253
"L10","YDR045C",254
"L10","YPL283C",255
"L10","YBR046C",256
"L10","YDR015C",257
"L10","YPR042C",258
"L10","YPL234C",259
"L10","YMR192W",260
"L10","YOR300W",261
"L10","YKL127W",262
"L10","YKL078W",263
"L10","YIL112W",264
"L10","YOL048C",265
"L10","YLR388W",266
"L10","YLR140W",267
"L10","YLR427W",268
"L10","YDR148C",269
"L10","YKL141W",270
"L10","YLR466W",271
"L10","YEL056W",272
"L10","YMR143W",273
"L10","YMR185W",274
"L10","YMR220W",275
"L10","YBL085W",276
"L10","YDR005C",277
"L10","YDR276C",278
"L10","YDR255C",279
"L10","YNL124W",280
"L10","YLR184W",281
"L10","YIL051C",282
"L10","YHR135C",283
"L10","YMR251W-A",284
"L10","YPL075W",285
"L10","YJL215C",286
"L10","YOL105C",287
"L10","YCR076C",288
"L10","YML089C",289
"L10","YCR083W",290
"L10","YDR448W",291
"L10","YLR374C",292
"L10","YPL280W",293
"L10","YJR044C",294
"L10","YJL166W",295
"L10","YJR025C",296
"L10","YBR093C",297
"L10","YNL070W",298
"L10","YOR190W",299
"L10","YCR019W",300
"L10","YOR234C",301
"L10","YDR267C",302
"L10","YNL018C",303
"L10","YPL142C",304
"L10","YPR055W",305
"L10","YJR093C",306
"L10","YIL122W",307
"L10","YOR354C",308
"L10","YMR017W",309
"L10","YGL144C",310
"L10","YOR051C",311
"L10","YDR283C",312
"L10","YFL050C",313
"L10","YHR136C",314
"L10","YPL220W",315
"L10","YDR266C",316
"L10","YML010C-B",317
"L10","YCR031C",318
"L10","YOR372C",319
"L10","YJL069C",320
"L10","YKL021C",321
"L10","YMR042W",322
"L10","YDR169C",323
"L10","YPL249C-A",324
"L10","YGR027C",325
"L10","YML058W",326
"L10","YPL109C",327
"L10","YHR079C-A",328
"L10","YML043C",329
"L10","YNL182C",330
"L10","YNL052W",331
"L10","YGL205W",332
"L10","YGR064W",333
"L10","YDL125C",334
"L10","YDR486C",335
"L10","YHL005C",336
"L10","YBR209W",337
"L10","YDR211W",338
"L10","YDL048C",339
"L10","YIR010W",340
"L10","YMR303C",341
"L10","YPR041W",342
"L10","YPL066W",343
"L10","YOL124C",344
"L10","YJL168C",345
"L10","YOL115W",346
"L10","YDR159W",347
"L10","YJR158W",348
"L10","YOR072W",349
"L10","YML003W",350
"L10","YOL068C",351
"L10","YDR488C",352
"L10","YHR196W",353
"L10","YOR258W",354
"L10","YER172C",355
"L10","YOL085C",356
"L10","YDL235C",357
"L10","YDR317W",358
"L10","YIL059C",359
"L10","YMR168C",360
"L10","YLR026C",361
"L10","YOR008C-A",362
"L10","YLR057W",363
"L10","YDR315C",364
"L10","YBR014C",365
"L10","YGR111W",366
"L10","YLR385C",367
"L10","YPL148C",368
"L10","YHR048W",369
"L10","YJL208C",370
"L10","YMR325W",371
"L10","YLR255C",372
"L10","YNL339C",373
"L10","YDL194W",374
"L10","YNL266W",375
"L10","YBR242W",376
"L10","YJL059W",377
"L10","YGL098W",378
"L10","YNL076W",379
"L10","YNL034W",380
"L10","YJL010C",381
"L10","YKL026C",382
"L10","YDL021W",383
"L10","YGL062W",384
"L10","YDR178W",385
"L10","YOR001W",386
"L10","YJL108C",387
"L10","YIL133C",388
"L10","YER189W",389
"L10","YDR073W",390
"L10","YJL050W",391
"L10","YLR449W",392
"L10","YNL143C",393
"L10","YMR265C",394
"L10","YAR064W",395
"L10","YPL060C-A",396
"L10","YPL250C",397
"L10","YIL151C",398
"L10","YOL031C",399
"L10","YPR031W",400
"L10","YOR043W",401
"L10","YBL024W",402
"L10","YIL103W",403
"L10","YDR077W",404
"L10","YLR307W",405
"L10","YDL130W",406
"L10","YNL132W",407
"L10","YNR029C",408
"L10","YPR043W",409
"L10","YLR031W",410
"L10","YOR266W",411
"L10","YCL029C",412
"L10","YDR377W",413
"L10","YAR015W",414
"L10","YLR320W",415
"L10","YHR116W",416
"L10","YGR221C",417
"L10","YDL072C",418
"L10","YDR130C",419
"L10","YHR137W",420
"L10","YER007C-A",421
"L10","YDR518W",422
"L10","YEL017W",423
"L10","YPL271W",424
"L10","YPR106W",425
"L10","YHR124W",426
"L10","YNL069C",427
"L10","YNR065C",428
"L10","YPL069C",429
"L10","YIL031W",430
"L10","YPR087W",431
"L10","YDR437W",432
"L10","YIR019C",433
"L10","YMR052C-A",434
"L10","YPL193W",435
"L10","YLR159W",436
"L10","YJR048W",437
"L10","YPL256C",438
"L10","YJL191W",439
"L10","YDR134C",440
"L10","YGL214W",441
"L10","YOR065W",442
"L10","YMR018W",443
"L10","YKL022C",444
"L10","YMR116C",445
"L10","YGR287C",446
"L10","YHR143W",447
"L10","YDR197W",448
"L10","YBR139W",449
"L10","YAL036C",450
"L10","YOL161C",451
"L10","YER096W",452
"L10","YDL110C",453
"L10","YAL035W",454
"L10","YFL048C",455
"L10","YNL189W",456
"L10","YHL009W-B",457
"L10","YGL111W",458
"L10","YJR047C",459
"L10","YBL096C",460
"L10","YDR223W",461
"L10","YBR163W",462
"L10","YLR367W",463
"L10","YMR213W",464
"L10","YJR024C",465
"L10","YNR043W",466
"L10","YDR484W",467
"L10","YMR131C",468
"L10","YMR290C",469
"L10","YDR154C",470
"L10","YDR066C",471
"L10","YKL222C",472
"L10","YHR181W",473
"L10","YLR108C",474
"L10","YPL042C",475
"L10","YHR021C",476
"L10","YML104C",477
"L10","YGR060W",478
"L10","YGR267C",479
"L10","YDR055W",480
"L10","YBR144C",481
"L10","YDL232W",482
"L10","YJL190C",483
"L10","YHL050C",484
"L10","YLR280C",485
"L10","YBL113C",486
"L10","YOR009W",487
"L10","YAR029W",488
"L10","YOL040C",489
"L10","YCL025C",490
"L10","YOL165C",491
"L10","YLR141W",492
"L10","YFL067W",493
"L10","YKL047W",494
"L10","YGR110W",495
"L10","YDL025C",496
"L10","YNR068C",497
"L10","YPL170W",498
"L10","YOR039W",499
"L10","YDR513W",500
"L10","YER039C",501
"L10","YLR201C",502
"L10","YJL159W",503
"L10","YPR052C",504
"L10","YML046W",505
"L10","YER101C",506
"L10","YDR190C",507
"L10","YPR202W",508
"L10","YHR063C",509
"L10","YNL146W",510
"L10","YML100W-A",511
"L10","YJL194W",512
"L10","YPR196W",513
"L10","YLR295C",514
"L10","YOR167C",515
"L10","YNL288W",516
"L10","YIL067C",517
"L10","YDR041W",518
"L10","YLL014W",519
"L10","YLR461W",520
"L10","YKR049C",521
"L10","YKL123W",522
"L10","YGL123W",523
"L10","YLR224W",524
"L10","YPL059W",525
"L10","YNL095C",526
"L10","YOR222W",527
"L10","YML041C",528
"L10","YJL078C",529
"L10","YNL092W",530
"L10","YGL180W",531
"L10","YNR012W",532
"L10","YBR182C",533
"L10","YER006W",534
"L10","YKL125W",535
"L10","YOR031W",536
"L10","YPR124W",537
"L10","YOR045W",538
"L10","YGL138C",539
"L10","YAL068C",540
"L10","YGR226C",541
"L10","YOL119C",542
"L10","YKR062W",543
"L10","YDR064W",544
"L10","YBR288C",545
"L10","YER029C",546
"L10","YJL145W",547
"L10","YDR043C",548
"L10","YHR078W",549
"L10","YLR424W",550
"L10","YDR516C",551
"L10","YGL210W",552
"L10","YKL177W",553
"L10","YOR308C",554
"L10","YER181C",555
"L10","YBR260C",556
"L10","YLR193C",557
"L10","YMR235C",558
"L10","YLR386W",559
"L10","YPL206C",560
"L10","YBL051C",561
"L10","YBR194W",562
"L10","YMR259C",563
"L10","YOL012C",564
"L10","YJL222W",565
"L10","YMR277W",566
"L10","YER026C",567
"L10","YLL041C",568
"L10","YEL023C",569
"L10","YMR229C",570
"L10","YKL212W",571
"L10","YGL186C",572
"L10","YDL081C",573
"L10","YOR272W",574
"L10","YDR481C",575
"L10","YGL112C",576
"L10","YBR131W",577
"L10","YCL063W",578
"L10","YJR094W-A",579
"L10","YIL152W",580
"L10","YNL317W",581
"L10","YKL094W",582
"L10","YDL073W",583
"L10","YOR090C",584
"L10","YOR292C",585
"L10","YCR021C",586
"L10","YGL188C",587
"L10","YML130C",588
"L10","YHR189W",589
"L10","YLL030C",590
"L10","YGL135W",591
"L10","YLR177W",592
"L10","YBR270C",593
"L10","YNL112W",594
"L10","YJR085C",595
"L10","YIR008C",596
"L10","YMR324C",597
"L10","YBR171W",598
"L10","YMR198W",599
"L10","YJL102W",600
"L10","YNL016W",601
"L10","YLR377C",602
"L10","YNL003C",603
"L10","YOR024W",604
"L10","YNL301C",605
"L10","YLR444C",606
"L10","YNL043C",607
"L10","YOR243C",608
"L10","YAL025C",609
"L10","YGR033C",610
"L10","YLR306W",611
"L10","YBL016W",612
"L10","YGR151C",613
"L10","YKR073C",614
"L10","YNL118C",615
"L10","YKL205W",616
"L10","YDR522C",617
"L10","YBR116C",618
"L10","YOR228C",619
"L10","YKL006W",620
"L10","YMR306W",621
"L10","YPL212C",622
"L10","YDR439W",623
"L10","YMR214W",624
"L10","YER040W",625
"L10","YLR183C",626
"L10","YOL113W",627
"L10","YJR114W",628
"L10","YOR021C",629
"L10","YJL124C",630
"L10","YLR361C",631
"L10","YAR070C",632
"L10","YLR139C",633
"L10","YER175C",634
"L10","YMR140W",635
"L10","YOL005C",636
"L10","YNL097C",637
"L10","YKL108W",638
"L10","YPR012W",639
"L10","YBR047W",640
"L10","YJR041C",641
"L10","YDR404C",642
"L10","YIR035C",643
"L10","YDR166C",644
"L10","YKL192C",645
"L10","YJR155W",646
"L10","YLL011W",647
"L10","YDL108W",648
"L10","YGL030W",649
"L10","YCR103C",650
"L10","YLR390W",651
"L10","YHR168W",652
"L10","YEL021W",653
"L10","YLR467W",654
"L10","YLR001C",655
"L10","YNL191W",656
"L10","YDR184C",657
"L10","YER123W",658
"L10","YMR199W",659
"L10","YHR076W",660
"L10","YLR222C",661
"L10","YGR145W",662
"L10","YMR256C",663
"L10","YHR129C",664
"L10","YBR246W",665
"L10","YNL057W",666
"L11","YOR229W",1
"L11","YBR054W",2
"L11","YFR043C",3
"L11","YGR139W",4
"L11","YLR297W",5
"L11","YMR104C",6
"L11","YMR250W",7
"L11","YDR074W",8
"L11","YGR138C",9
"L11","YOR267C",10
"L11","YPL014W",11
"L11","YNL169C",12
"L11","YGR250C",13
"L11","YMR105C",14
"L11","YMR103C",15
"L11","YML100W",16
"L11","YCR021C",17
"L11","YNR019W",18
"L11","YDL048C",19
"L11","YML025C",20
"L11","YKL051W",21
"L11","YFR017C",22
"L11","YOR273C",23
"L11","YER064C",24
"L11","YMR084W",25
"L11","YOL101C",26
"L11","YDR222W",27
"L11","YMR136W",28
"L11","YMR181C",29
"L11","YDR055W",30
"L11","YJL017W",31
"L11","YPL087W",32
"L11","YMR034C",33
"L11","YMR145C",34
"L11","YNL160W",35
"L11","YIR035C",36
"L11","YFR015C",37
"L11","YLR374C",38
"L11","YCL040W",39
"L11","YML120C",40
"L11","YLR120C",41
"L11","YPL247C",42
"L11","YPR125W",43
"L11","YOR074C",44
"L11","YOR384W",45
"L11","YBR287W",46
"L11","YDR539W",47
"L11","YLL026W",48
"L11","YML027W",49
"L11","YCL042W",50
"L11","YNL309W",51
"L11","YNL289W",52
"L11","YDL127W",53
"L11","YOL136C",54
"L11","YBR169C",55
"L11","YER150W",56
"L11","YHL021C",57
"L11","YLR252W",58
"L11","YLR049C",59
"L11","YDR094W",60
"L11","YNL192W",61
"L11","YER067W",62
"L11","YLR258W",63
"L11","YEL011W",64
"L11","YLR183C",65
"L11","YHR085W",66
"L11","YER135C",67
"L11","YBR126C",68
"L11","YGR079W",69
"L11","YAR027W",70
"L11","YOR026W",71
"L11","YLR375W",72
"L11","YPL109C",73
"L11","YJR148W",74
"L11","YNL115C",75
"L11","YDL022W",76
"L11","YGR008C",77
"L11","YDL234C",78
"L11","YER168C",79
"L11","YLR101C",80
"L11","YBR214W",81
"L11","YJL142C",82
"L11","YKR103W",83
"L11","YEL010W",84
"L11","YOR043W",85
"L11","YMR199W",86
"L11","YNR066C",87
"L11","YDL112W",88
"L11","YOR319W",89
"L11","YGR251W",90
"L11","YPL016W",91
"L11","YDL037C",92
"L11","YJR112W",93
"L11","YBR135W",94
"L11","YLR121C",95
"L11","YLR178C",96
"L11","YER038C",97
"L11","YLR414C",98
"L11","YLR251W",99
"L11","YLR177W",100
"L11","YIL050W",101
"L11","YOL007C",102
"L11","YMR081C",103
"L11","YGR012W",104
"L11","YAR028W",105
"L11","YNR001C",106
"L11","YFR033C",107
"L11","YOR092W",108
"L11","YGR248W",109
"L11","YOR075W",110
"L11","YDR424C",111
"L11","YKL113C",112
"L11","YKL026C",113
"L11","YMR179W",114
"L11","YDL023C",115
"L11","YOR324C",116
"L11","YLR108C",117
"L11","YER029C",118
"L11","YLR099C",119
"L11","YMR144W",120
"L11","YLL018C-A",121
"L11","YBR093C",122
"L11","YOR073W",123
"L11","YGL223C",124
"L11","YBR068C",125
"L11","YML113W",126
"L11","YMR291W",127
"L11","YFR028C",128
"L11","YOL002C",129
"L11","YNL222W",130
"L11","YDR024W",131
"L11","YPL015C",132
"L11","YMR023C",133
"L11","YGL055W",134
"L11","YLL022C",135
"L11","YLR257W",136
"L11","YNL090W",137
"L11","YPL230W",138
"L11","YJR116W",139
"L11","YJR074W",140
"L11","YMR001C",141
"L11","YBR004C",142
"L11","YDR276C",143
"L11","YPL166W",144
"L11","YHR212C",145
"L11","YPL136W",146
"L11","YPL253C",147
"L11","YML128C",148
"L11","YNL124W",149
"L11","YIR010W",150
"L11","YKL125W",151
"L11","YLR438C-A",152
"L11","YJL076W",153
"L11","YJL222W",154
"L11","YHR030C",155
"L11","YOR219C",156
"L11","YBR273C",157
"L11","YNL099C",158
"L11","YJR113C",159
"L11","YLR455W",160
"L11","YJL115W",161
"L11","YNL116W",162
"L11","YPR114W",163
"L11","YCL031C",164
"L11","YBR089W",165
"L11","YMR093W",166
"L11","YJL208C",167
"L11","YKR080W",168
"L11","YJL048C",169
"L12","YLR297W",1
"L12","YMR034C",2
"L12","YHR110W",3
"L12","YGR139W",4
"L12","YNL160W",5
"L12","YMR104C",6
"L12","YPR150W",7
"L12","YMR103C",8
"L12","YGR138C",9
"L12","YDR055W",10
"L12","YGR057C",11
"L12","YKL051W",12
"L12","YIR035C",13
"L12","YOR384W",14
"L12","YPL014W",15
"L12","YMR250W",16
"L12","YMR145C",17
"L12","YCR021C",18
"L12","YLR375W",19
"L12","YLR374C",20
"L12","YJL017W",21
"L12","YPL087W",22
"L12","YMR023C",23
"L12","YOR273C",24
"L12","YLR121C",25
"L12","YBR054W",26
"L12","YBR006W",27
"L12","YMR084W",28
"L12","YDR222W",29
"L12","YER064C",30
"L12","YGR250C",31
"L12","YLR428C",32
"L12","YEL067C",33
"L12","YLR414C",34
"L12","YOR267C",35
"L12","YMR181C",36
"L12","YOR381W",37
"L12","YBR214W",38
"L12","YML120C",39
"L12","YFR017C",40
"L12","YCL040W",41
"L12","YPL247C",42
"L12","YNL033W",43
"L12","YPL015C",44
"L12","YGR008C",45
"L12","YNR019W",46
"L12","YDR074W",47
"L12","YLR120C",48
"L12","YOR019W",49
"L12","YNL303W",50
"L12","YOR092W",51
"L12","YPL016W",52
"L12","YOL158C",53
"L12","YDR365W-B",54
"L12","YDR034C-A",55
"L12","YNR034W",56
"L12","YDR399W",57
"L12","YDR340W",58
"L12","YNL305C",59
"L12","YML113W",60
"L12","YOL083W",61
"L12","YLR251W",62
"L12","YML128C",63
"L12","YML100W",64
"L12","YJL079C",65
"L12","YFR018C",66
"L12","YGR151C",67
"L12","YLL022C",68
"L12","YLR232W",69
"L12","YLR014C",70
"L12","YJL188C",71
"L12","YDL238C",72
"L12","YFL005W",73
"L12","YLR398C",74
"L12","YMR119W-A",75
"L12","YMR315W",76
"L12","YKR061W",77
"L12","YGR024C",78
"L12","YBR004C",79
"L12","YBR135W",80
"L12","YAR027W",81
"L12","YOL047C",82
"L12","YOR293W",83
"L12","YKL026C",84
"L12","YJL048C",85
"L12","YLR415C",86
"L12","YHR068W",87
"L12","YJR050W",88
"L12","YNR001C",89
"L12","YHL015W",90
"L12","YLR350W",91
"L12","YBR287W",92
"L12","YBR169C",93
"L12","YLR252W",94
"L12","YNL182C",95
"L12","YDL204W",96
"L12","YLR326W",97
"L12","YPL273W",98
"L12","YPL257W-B",99
"L12","YMR158C-B",100
"L12","YPL109C",101
"L12","YBR139W",102
"L12","YLL026W",103
"L12","YNL192W",104
"L12","YML118W",105
"L12","YOR043W",106
"L12","YLR332W",107
"L12","YJR020W",108
"L12","YNL222W",109
"L12","YGL076C",110
"L12","YCR018C-A",111
"L12","YCR005C",112
"L12","YLR356W",113
"L12","YMR152W",114
"L12","YPL040C",115
"L12","YBR089W",116
"L12","YEL071W",117
"L12","YLR256W",118
"L12","YMR081C",119
"L12","YGR079W",120
"L12","YDL127W",121
"L12","YHL021C",122
"L12","YMR001C",123
"L12","YKL070W",124
"L12","YOR228C",125
"L12","YDR337W",126
"L12","YLR047C",127
"L12","YER102W",128
"L12","YLR257W",129
"L12","YML035C-A",130
"L12","YGR116W",131
"L12","YNL034W",132
"L12","YNL274C",133
"L12","YOR359W",134
"L12","YOR032C",135
"L12","YHR186C",136
"L12","YDL118W",137
"L12","YIL052C",138
"L12","YMR211W",139
"L12","YPR002C-A",140
"L12","YMR105C",141
"L12","YNL055C",142
"L12","YDL236W",143
"L12","YIL087C",144
"L12","YLR178C",145
"L12","YOR385W",146
"L12","YPL149W",147
"L12","YPL163C",148
"L12","YNL003C",149
"L12","YFR015C",150
"L12","YLL052C",151
"L12","YCL038C",152
"L12","YOL106W",153
"L12","YKR094C",154
"L12","YCR001W",155
"L12","YBR065C",156
"L12","YGR248W",157
"L12","YER039C",158
"L12","YGR228W",159
"L12","YGR122C-A",160
"L12","YIL060W",161
"L12","YJL076W",162
"L12","YDL014W",163
"L12","YPL088W",164
"L12","YPL130W",165
"L12","YFR051C",166
"L12","YDL048C",167
"L12","YOL117W",168
"L12","YNR066C",169
"L12","YCR043C",170
"L12","YOL002C",171
"L12","YNL074C",172
"L12","YMR136W",173
"L12","YLR112W",174
"L12","YAR028W",175
"L12","YNR075W",176
"L12","YNL161W",177
"L12","YLR452C",178
"L12","YLR281C",179
"L12","YNL300W",180
"L12","YGR062C",181
"L12","YDL023C",182
"L12","YOL136C",183
"L12","YPL077C",184
